Location, Sublocation, Vendor, Model, Description, Count, Min, Cost, Ext. Cost,
Location, Sublocation, Vendor, Model, Description,0,0,$0.0,$0.00,
Stockroom,,NEWARK INONE,21H9686,EMITTER BANNER MINI BEAM OPTI,0,1,$0.0,$0.00,
Stockroom,,NEWARK INONE,21H9731,RECIEVER BANNER MINI BEAM OPT,0,1,$0.0,$0.00,
Stockroom,,IFM EFECTOR,IM5024,SENSOR PROXIMITY,0,1,$0.0,$0.00,
Stockroom,,IFM EFECTOR,IG5937,SENSOR PROXIMITY,0,1,$0.0,$0.00,
Stockroom,,IFM EFECTOR,W91006,BLOCK 9 PORT SYSTEM,0,1,$0.0,$0.00,
Stockroom,,IFM EFECTOR,IM5068,SENSOR PROXIMITY,0,1,$0.0,$0.00,
Stockroom,,IFM EFECTOR,IE5331,SENSOR PROXIMITY,0,1,$0.0,$0.00,
Stockroom,,IFM EFECTOR,IFS200,SENSOR PROXIMITY,0,1,$0.0,$0.00,
Stockroom,,IFM EFECTOR,IFS204,SENSOR PROXIMITY,0,1,$0.0,$0.00,
Stockroom,,IFM EFECTOR,IM5043,SENSOR PROXIMITY,0,1,$0.0,$0.00,
Stockroom,,IFM EFECTOR,KI5023,SENSOR PROXIMITY,0,1,$0.0,$0.00,
Stockroom,,IFM EFECTOR,IG5647,SENSOR PROXIMITY,0,1,$0.0,$0.00,
Stockroom,,IFM EFECTOR,IM5115,SENSOR PROXIMITY,0,1,$0.0,$0.00,
Stockroom,,IFM EFECTOR,II5742,SENSOR PROXIMITY,0,1,$0.0,$0.00,
Stockroom,,POWER DRIVES INC,30459,SENSOR PROXIMITY,0,1,$0.0,$0.00,
Stockroom,,POWER DRIVES INC,151526,SENSOR PROXIMITY,0,1,$0.0,$0.00,
Stockroom,,POWER DRIVES INC,150857,SENSOR PROXIMITY,0,1,$0.0,$0.00,
Stockroom,,IFM EFECTOR,IG5788,SENSOR PROXIMITY,0,1,$0.0,$0.00,
Stockroom,,IFM EFECTOR,1146,INDUCTIVE SENSOR,0,1,$0.0,$0.00,
Stockroom,,ERIE BEARINGS COMPANY,1195,REFLECTOR,0,1,$0.0,$0.00,
Stockroom,,CLAYTON ENGINEERING,6010610,SENSOR PHOTOELECTRIC REFLEX,0,1,$0.0,$0.00,
Stockroom,,CLAYTON ENGINEERING,2 017 768 0347,MUTING LIGHT,0,1,$0.0,$0.00,
Stockroom,,CLAYTON ENGINEERING,1015699,MODULE MUTING,0,1,$0.0,$0.00,
Stockroom,,CLAYTON ENGINEERING,6010586,SENDER OPTEX,0,1,$0.0,$0.00,
Stockroom,,CLAYTON ENGINEERING,6026224,SENSOR PHOTOELECTRIC,0,1,$0.0,$0.00,
Stockroom,,CLAYTON ENGINEERING,1016934,SENSOR PHOTOELECTRIC,0,1,$0.0,$0.00,
Stockroom,,CLAYTON ENGINEERING,1018479,SENSOR PHOTOELECTRIC REFLEX,0,1,$0.0,$0.00,
Stockroom,,CLAYTON ENGINEERING,1025889,SENSOR PHOTOELECTRIC,0,1,$0.0,$0.00,
Stockroom,,CLAYTON ENGINEERING,1015725,SAFETY PHOTOELECTRIC,0,1,$0.0,$0.00,
Stockroom,,CLAYTON ENGINEERING,6012066,SENSOR FORK,0,1,$0.0,$0.00,
Stockroom,,CLAYTON ENGINEERING,6028430,SENSOR FORK,0,1,$0.0,$0.00,
Stockroom,,CLAYTON ENGINEERING,6028431,SENSOR FORK,0,1,$0.0,$0.00,
Stockroom,,CLAYTON ENGINEERING,6026268,SWITCH THROUGH BEAM,0,1,$0.0,$0.00,
Stockroom,,ERIE BEARINGS COMPANY,1228,SENSOR PROXIMITY CJ10-30GK-A2,0,1,$0.0,$0.00,
Stockroom,,THE HITE COMPANY,XCS E7311,INTERLOCK SAFETY,0,1,$0.0,$0.00,
Stockroom,,THE HITE COMPANY,XCS A701,SWITCH LIMIT,0,1,$0.0,$0.00,
Stockroom,,GRAINGER INC.,E2K-C25MY2,SWITCH PROXIMITY CAPACITIVE,0,1,$0.0,$0.00,
Stockroom,,CLAYTON ENGINEERING,ZB5AZ101,FORK SENSOR,0,1,$0.0,$0.00,
Stockroom,,CLAYTON ENGINEERING,1015724,SWITCH SAFETY,0,1,$0.0,$0.00,
Stockroom,,CLAYTON ENGINEERING,1016933,SWITCH PROXIMITY,0,1,$0.0,$0.00,
Stockroom,,POWER DRIVES INC,150848,SWITCH PROXIMITY,0,1,$0.0,$0.00,
Stockroom,,IFM EFECTOR,IM5042,SENSOR PROXIMITY INDUCTIVE,0,1,$0.0,$0.00,
Stockroom,,IFM EFECTOR,IF5750,SWITCH INDUCTIVE PROX,0,1,$0.0,$0.00,
Stockroom,,SCHAEDLER YESCO,2711-NL1,LAMP BACKLIGHT,0,1,$0.0,$0.00,
Stockroom,,MSC INDUSTRIAL SUPPLY CO. INC.,79909552,SWITCH PRESSURE AIR,0,1,$0.0,$0.00,
Stockroom,,MSC INDUSTRIAL SUPPLY CO. INC.,1660091,CONNECTOR PRESSURE SWITCH,0,1,$0.0,$0.00,
Stockroom,,IFM EFECTOR,O5P200,SENSOR PHOTOELECTRIC,0,1,$0.0,$0.00,
Stockroom,,IFM EFECTOR,E21085,BRACKET IFM SENSOR,0,1,$0.0,$0.00,
Stockroom,,IFM EFECTOR,E18401,POWER SUPPLY 24VDC,0,1,$0.0,$0.00,
Stockroom,,IFM EFECTOR,KN0006,SENSOR CAPACITIVE,0,1,$0.0,$0.00,
Stockroom,,IFM EFECTOR,DN0200,AMPLIFIER SWITCHING IFM,0,1,$0.0,$0.00,
Stockroom,,IFM EFECTOR,KI5083,SENSOR CAPACITIVE,0,1,$0.0,$0.00,
Stockroom,,IFM EFECTOR,O5S200,SENSOR THROUGHBEAM SENDER,0,1,$0.0,$0.00,
Stockroom,,IFM EFECTOR,1586,SENSOR THROUGHBEAM SENDER,0,1,$0.0,$0.00,
Stockroom,,ERIE BEARINGS COMPANY,KFA5-SOT2-EX2,ISOLATOR RELAY,0,1,$0.0,$0.00,
Stockroom,,IFM EFECTOR,LK3124,SENSOR LEVEL PROBE,0,1,$0.0,$0.00,
Stockroom,,BDI,IS1000M-40-X202,SWITCH PRESSURE SMC,0,1,$0.0,$0.00,
Stockroom,,TRANSMISSION &amp; BEARINGS,1689,SENSOR PROXIMITY,0,1,$0.0,$0.00,
Stockroom,,CLAYTON ENGINEERING,1691,PROXIMITY SWITCH,0,1,$0.0,$0.00,
Stockroom,,IFM EFECTOR,1692,SENSOR INDUCTIVE,0,1,$0.0,$0.00,
Stockroom,,IFM EFECTOR,1693,SENSOR CAPACITIVE,0,1,$0.0,$0.00,
Stockroom,,SCHAEDLER YESCO,1724,PROXIMITY SENSOR,0,1,$0.0,$0.00,
Stockroom,,IFM EFECTOR,1745,AMPLIFIER,0,1,$0.0,$0.00,
Stockroom,,BDI,1750,PROXIMITY SENSOR,0,1,$0.0,$0.00,
Stockroom,,CLAYTON ENGINEERING,1751,SENSOR,0,1,$0.0,$0.00,
Stockroom,,IFM EFECTOR,1753,PROXIMITY SENSOR,0,1,$0.0,$0.00,
Stockroom,,IFM EFECTOR,1758,PROXIMITY SENSOR,0,1,$0.0,$0.00,
Stockroom,,IFM EFECTOR,1759,PROXIMITY SENSOR,0,1,$0.0,$0.00,
Stockroom,,MOORE WELDING,1761,PROXIMITY SENSOR,0,1,$0.0,$0.00,
Stockroom,,IFM EFECTOR,1766,CUBE BRACKET,0,1,$0.0,$0.00,
Stockroom,,IFM EFECTOR,1767,CUBE BRACKET,0,1,$0.0,$0.00,
Stockroom,,IFM EFECTOR,1784,PROXIMITY SENSOR - METAL CASIN,0,1,$0.0,$0.00,
Stockroom,,IFM EFECTOR,1800,SAFETY RELAY,0,1,$0.0,$0.00,
Stockroom,,IFM EFECTOR,1812,SENSOR ROD &amp; BRACKET HOLDER,0,1,$0.0,$0.00,
Stockroom,,IFM EFECTOR,1813,REFLECTOR &amp; BRACKET HOLDER,0,1,$0.0,$0.00,
Stockroom,,IFM EFECTOR,1849,MAGNETIC CYLINDER SENSOR,0,1,$0.0,$0.00,
Stockroom,,IFM EFECTOR,A2000,SENSOR INDUCTIVE PROX,0,1,$0.0,$0.00,
Stockroom,,THE HITE COMPANY,XSA-V12801,SWITCH SPEED SENSOR,0,1,$0.0,$0.00,
Stockroom,,THE HITE COMPANY,LC1 D50G7,RELAY CONTACTOR,0,1,$0.0,$0.00,
Stockroom,,THE HITE COMPANY,LRD21,RELAY OVERLOAD,0,1,$0.0,$0.00,
Stockroom,,THE HITE COMPANY,V5,SWITCH LOAD BREAK,0,1,$0.0,$0.00,
Stockroom,,THE HITE COMPANY,LC1D18BD,CONTACTOR,0,1,$0.0,$0.00,
Stockroom,,THE HITE COMPANY,LC1D18G7,CONTACTOR,0,1,$0.0,$0.00,
Stockroom,,THE HITE COMPANY,XCHM110H7,SWITCH LIMIT,0,1,$0.0,$0.00,
Stockroom,,THE HITE COMPANY,LC1D25BL,CONTACTOR,0,1,$0.0,$0.00,
Stockroom,,THE HITE COMPANY,ZCKY41,LEVER ARM,0,1,$0.0,$0.00,
Stockroom,,THE HITE COMPANY,ZCKY59,LEVER ARM,0,1,$0.0,$0.00,
Stockroom,,THE HITE COMPANY,ZCK S404,SWITCH LIMIT,0,1,$0.0,$0.00,
Stockroom,,THE HITE COMPANY,XCK S141,SWITCH LIMIT,0,1,$0.0,$0.00,
Stockroom,,THE HITE COMPANY,XCK S159,SWITCH LIMIT,0,1,$0.0,$0.00,
Stockroom,,THE HITE COMPANY,XCK S102,SWITCH LIMIT,0,1,$0.0,$0.00,
Stockroom,,THE HITE COMPANY,XCK M102,SWITCH LIMIT,0,1,$0.0,$0.00,
Stockroom,,THE HITE COMPANY,LC1D32BL,CONTACTOR,0,1,$0.0,$0.00,
Stockroom,,GLOBE ELECTRIC CO. INC.,1277,ENCODER ERN 460 1024 01-03,0,1,$0.0,$0.00,
Stockroom,,GLOBE ELECTRIC CO. INC.,1278,ENCODER ERN 460 5000 01-03,0,1,$0.0,$0.00,
Stockroom,,THE HITE COMPANY,LC1D12BL,RELAY CONTACTOR,0,1,$0.0,$0.00,
Stockroom,,THE HITE COMPANY,LC1D40G7,RELAY CONTACTOR,0,1,$0.0,$0.00,
Stockroom,,THE HITE COMPANY,LC1K09004F7,RELAY CONTACTOR,0,1,$0.0,$0.00,
Stockroom,,THE HITE COMPANY,LP1K1201BD,RELAY CONTACTOR,0,1,$0.0,$0.00,
Stockroom,,THE HITE COMPANY,LP2K1201BD,RELAY CONTACTOR REVERSING,0,1,$0.0,$0.00,
Stockroom,,THE HITE COMPANY,GV3P40,CIRCUIT BREAKER,0,1,$0.0,$0.00,
Stockroom,,THE HITE COMPANY,GV2ME08,CIRCUIT BREAKER MOTOR,0,1,$0.0,$0.00,
Stockroom,,THE HITE COMPANY,XCKL102,SWITCH LIMIT ROLLER,0,1,$0.0,$0.00,
Stockroom,,THE HITE COMPANY,GV2ME02,CIRCUIT BREAKER,0,1,$0.0,$0.00,
Stockroom,,THE HITE COMPANY,GV2ME06,CIRCUIT BREAKER,0,1,$0.0,$0.00,
Stockroom,,THE HITE COMPANY,GV2ME07,CIRCUIT BREAKER,0,1,$0.0,$0.00,
Stockroom,,THE HITE COMPANY,GV2ME14,CIRCUIT BREAKER,0,1,$0.0,$0.00,
Stockroom,,THE HITE COMPANY,GV2P06,CIRCUIT BREAKER,0,1,$0.0,$0.00,
Stockroom,,THE HITE COMPANY,GV2P07,CIRCUIT BREAKER,0,1,$0.0,$0.00,
Stockroom,,THE HITE COMPANY,GV2P08,CIRCUIT BREAKER,0,1,$0.0,$0.00,
Stockroom,,THE HITE COMPANY,GV2P10,CIRCUIT BREAKER,0,1,$0.0,$0.00,
Stockroom,,THE HITE COMPANY,GV2P16,CIRCUIT BREAKER,0,1,$0.0,$0.00,
Stockroom,,THE HITE COMPANY,GV2P20,CIRCUIT BREAKER,0,1,$0.0,$0.00,
Stockroom,,THE HITE COMPANY,GV2P32,CIRCUIT BREAKER,0,1,$0.0,$0.00,
Stockroom,,THE HITE COMPANY,LRD06,RELAY OVERLOAD,0,1,$0.0,$0.00,
Stockroom,,THE HITE COMPANY,LRD07,RELAY OVERLOAD,0,1,$0.0,$0.00,
Stockroom,,THE HITE COMPANY,LRD08,RELAY OVERLOAD,0,1,$0.0,$0.00,
Stockroom,,THE HITE COMPANY,LRD10,RELAY OVERLOAD,0,1,$0.0,$0.00,
Stockroom,,THE HITE COMPANY,LRD14,RELAY OVERLOAD,0,1,$0.0,$0.00,
Stockroom,,THE HITE COMPANY,LRD02,RELAY OVERLOAD,0,1,$0.0,$0.00,
Stockroom,,THE HITE COMPANY,LRD04,RELAY OVERLOAD,0,1,$0.0,$0.00,
Stockroom,,THE HITE COMPANY,GV2ME10,CIRCUIT BREAKER,0,1,$0.0,$0.00,
Stockroom,,THE HITE COMPANY,XSA-V01801,SWITCH SPEED SENSOR,0,1,$0.0,$0.00,
Stockroom,,THE HITE COMPANY,LC1D12G7,RELAY CONTACTOR,0,1,$0.0,$0.00,
Stockroom,,CLAYTON ENGINEERING,XCRA15,SWITCH LIMIT,0,1,$0.0,$0.00,
Stockroom,,CLAYTON ENGINEERING,XCRZ05,SWITCH ARM,0,1,$0.0,$0.00,
Stockroom,,CLAYTON ENGINEERING,XCRE18,SWITCH LIMIT,0,1,$0.0,$0.00,
Stockroom,,CLAYTON ENGINEERING,LC1D80G7,RELAY CONTACTOR,0,1,$0.0,$0.00,
Stockroom,,SCHAEDLER YESCO,1725,SWITCH LIMIT,0,1,$0.0,$0.00,
Stockroom,,SCHAEDLER YESCO,1726,STEEL ROD LEVER,0,1,$0.0,$0.00,
Stockroom,,SCHAEDLER YESCO,1727,STEEL ROD LEVER,0,1,$0.0,$0.00,
Stockroom,,SCHAEDLER YESCO,1734,CIRCUIT BREAKER,0,1,$0.0,$0.00,
Stockroom,,SCHAEDLER YESCO,1737,CIRCUIT BREAKER,0,1,$0.0,$0.00,
Stockroom,,SCHAEDLER YESCO,1755,PHOTOELECTRIC SENSOR,0,1,$0.0,$0.00,
Stockroom,,SCHAEDLER YESCO,1760,LIMIT SWITCH,0,1,$0.0,$0.00,
Stockroom,,BDI,1765,LIMIT SWITCH HEAD,0,1,$0.0,$0.00,
Stockroom,,SCHAEDLER YESCO,1778,LIMIT SWITCH LEVER ARM,0,1,$0.0,$0.00,
Stockroom,,SCHAEDLER YESCO,1779,LIMIT SWITCH ARM,0,1,$0.0,$0.00,
Stockroom,,BDI,1780,INDUCTIVE PROXIMITY SENSOR,0,1,$0.0,$0.00,
Stockroom,,BDI,1781,INDUCTIVE PROXIMITY SENSOR,0,1,$0.0,$0.00,
Stockroom,,BDI,1796,PROXIMITY SWITCH - INDUCTIVE,0,1,$0.0,$0.00,
Stockroom,,SCHAEDLER YESCO,1810,CIRCUIT BREAKER 9-13A,0,1,$0.0,$0.00,
Stockroom,,SCHAEDLER YESCO,1811,CIRCUIT BREAKER 12-18A,0,1,$0.0,$0.00,
Stockroom,,CLAYTON ENGINEERING,1854,CONTACTOR,0,1,$0.0,$0.00,
Stockroom,,SCHAEDLER YESCO,889N-F4AF-12F,CABLE CONNECTOR CORDSET,0,1,$0.0,$0.00,
Stockroom,,THE HITE COMPANY,GV3ME63,CIRCUIT BREAKER,0,1,$0.0,$0.00,
Stockroom,,IFM EFECTOR,E11504,CONNECTOR STRAIGHT MALE 4 PIN,0,1,$0.0,$0.00,
Stockroom,,SCHAEDLER YESCO,1193,CONTACT,0,1,$0.0,$0.00,
Stockroom,,ERIE BEARINGS COMPANY,1194,ROLLER PLASTIC MISALIGNMENT,0,1,$0.0,$0.00,
Stockroom,,ERIE BEARINGS COMPANY,774300-324695,RELAY SAFETY,0,1,$0.0,$0.00,
Stockroom,,THE HITE COMPANY,GV3ME25,CIRCUIT BREAKER,0,1,$0.0,$0.00,
Stockroom,,THE HITE COMPANY,34661,CIRCUIT BREAKER,0,1,$0.0,$0.00,
Stockroom,,ERIE BEARINGS COMPANY,774502 157025,RELAY SAFETY,0,1,$0.0,$0.00,
Stockroom,,ERIE BEARINGS COMPANY,774310 246454,RELAY SAFETY,0,1,$0.0,$0.00,
Stockroom,,THE HITE COMPANY,GV3-A01,CONTACT BLOCK AUXILIARY,0,1,$0.0,$0.00,
Stockroom,,THE HITE COMPANY,LADS2,CONTACT BLOCK TIMER,0,1,$0.0,$0.00,
Stockroom,,THE HITE COMPANY,LA1KN11,CONTACT BLOCK,0,1,$0.0,$0.00,
Stockroom,,THE HITE COMPANY,LA1KN13,CONTACT BLOCK,0,1,$0.0,$0.00,
Stockroom,,THE HITE COMPANY,LA1KN20,CONTACT BLOCK,0,1,$0.0,$0.00,
Stockroom,,THE HITE COMPANY,LADN11,CONTACT BLOCK,0,1,$0.0,$0.00,
Stockroom,,THE HITE COMPANY,LADN22,CONTACT BLOCK,0,1,$0.0,$0.00,
Stockroom,,THE HITE COMPANY,XZCE03P124M,SOCKET 4 WIRE,0,1,$0.0,$0.00,
Stockroom,,POWER DRIVES INC,159421,CABLE PROXIMITY,0,1,$0.0,$0.00,
Stockroom,,THE HITE COMPANY,GV3ME80,CIRCUIT BREAKER,0,1,$0.0,$0.00,
Stockroom,,IFM EFECTOR,E11508,CONNECTOR STRAIGHT FEMALE,0,1,$0.0,$0.00,
Stockroom,,IFM EFECTOR,E18216,CONNECTOR STRAIGHT MALE,0,1,$0.0,$0.00,
Stockroom,,IFM EFECTOR,E18217,CONNECTOR STRAIGHT FEMALE,0,1,$0.0,$0.00,
Stockroom,,IFM EFECTOR,E11509,CONNECTOR 90 MICRO,0,1,$0.0,$0.00,
Stockroom,,THE HITE COMPANY,GVAE11,CONTACT AUXILIARY,0,1,$0.0,$0.00,
Stockroom,,CLAYTON ENGINEERING,KCF3PZ,OPERATOR HANDLE,0,1,$0.0,$0.00,
Stockroom,,CLAYTON ENGINEERING,VCCDN12,OPERATOR HANDLE,0,1,$0.0,$0.00,
Stockroom,,SCHAEDLER YESCO,140-CMN-2500,BREAKER MOTOR 18-25A,0,1,$0.0,$0.00,
Stockroom,,SCHAEDLER YESCO,140-CMN-4000,BREAKER MOTOR 25-40A,0,1,$0.0,$0.00,
Stockroom,,CLAYTON ENGINEERING,XY2 CE2A150H7,SWITCH PULL CABLE,0,1,$0.0,$0.00,
Stockroom,,CLAYTON ENGINEERING,LAD9R1,KIT REVERSING CONTACTOR,0,1,$0.0,$0.00,
Stockroom,,SCHAEDLER YESCO,889N-F4AF-12F,CABLE CONNECTOR CORDSET,0,1,$0.0,$0.00,
Stockroom,,GRAINGER INC.,LSE96M/P-3010-41,SWITCH THROUGHBEAM RECEIVER,0,1,$0.0,$0.00,
Stockroom,,GRAINGER INC.,LSS96M-1070-43,SENSOR THROUGHBEAM SENDER,0,1,$0.0,$0.00,
Stockroom,,CLAYTON ENGINEERING,LA9D50978,INTERLOCK REVERSING,0,1,$0.0,$0.00,
Stockroom,,GLOBE ELECTRIC CO. INC.,2938604,POWER SUPPLY,0,1,$0.0,$0.00,
Stockroom,,GLOBE ELECTRIC CO. INC.,2938581,POWER SUPPLY,0,1,$0.0,$0.00,
Stockroom,,GLOBE ELECTRIC CO. INC.,2938730,POWER SUPPLY,0,1,$0.0,$0.00,
Stockroom,,GLOBE ELECTRIC CO. INC.,2938756,POWER SUPPLY,0,1,$0.0,$0.00,
Stockroom,,GLOBE ELECTRIC CO. INC.,2938620,POWER SUPPLY,0,1,$0.0,$0.00,
Stockroom,,GLOBE ELECTRIC CO. INC.,2726230,MODULE INTERBUS,0,1,$0.0,$0.00,
Stockroom,,GLOBE ELECTRIC CO. INC.,2726256,MODULE INTERBUS,0,1,$0.0,$0.00,
Stockroom,,GLOBE ELECTRIC CO. INC.,2727611,MODULE WIRE,0,1,$0.0,$0.00,
Stockroom,,GLOBE ELECTRIC CO. INC.,2727624,MODULE WIRE,0,1,$0.0,$0.00,
Stockroom,,GLOBE ELECTRIC CO. INC.,2860374,MODULE WIRE KIT SET,0,1,$0.0,$0.00,
Stockroom,,GRAINGER INC.,1038492636,CONTROLLER TEMPERATURE,0,1,$0.0,$0.00,
Stockroom,,CLAYTON ENGINEERING,GV2P14,CIRCUIT BREAKER 6-10A,0,1,$0.0,$0.00,
Stockroom,,THE HITE COMPANY,1702,CONTACTOR SURGE SUPRESSOR,0,1,$0.0,$0.00,
Stockroom,,THE HITE COMPANY,1749,CONTACT BLOCK,0,1,$0.0,$0.00,
Stockroom,,IFM EFECTOR,1772,4-PIN FEMALE CORD CONNECTOR,0,1,$0.0,$0.00,
Stockroom,,SCHAEDLER YESCO,1774,PENDANT CONTROL DTATION,0,1,$0.0,$0.00,
Stockroom,,SCHAEDLER YESCO,1775,DISCONNECT EXTENSION BAR,0,1,$0.0,$0.00,
Stockroom,,BDI,1776,PHOTOELECTRIC SWITCH THROUGH B,0,1,$0.0,$0.00,
Stockroom,,BDI,1777,PHOTOELECTRIC SWITCH THROUGH B,0,1,$0.0,$0.00,
Stockroom,,BDI,1782,4-WIRE CONNECTOR - FEMALE,0,1,$0.0,$0.00,
Stockroom,,GLOBE ELECTRIC CO. INC.,1785,PHOENIC CONTACT,0,1,$0.0,$0.00,
Stockroom,,GLOBE ELECTRIC CO. INC.,1786,INTERBUS MODULE,0,1,$0.0,$0.00,
Stockroom,,GLOBE ELECTRIC CO. INC.,1787,INTERBUS MODULE CONTACT,0,1,$0.0,$0.00,
Stockroom,,GLOBE ELECTRIC CO. INC.,1788,INTERBUS MODULE CONTACT,0,1,$0.0,$0.00,
Stockroom,,BDI,1792,CONNECTOR 4-WIRE FEMALE,0,1,$0.0,$0.00,
Stockroom,,BDI,1793,CONNECTOR FEMALE 4-WIRE,0,1,$0.0,$0.00,
Stockroom,,SCHAEDLER YESCO,1808,POWER SUPPLY,0,1,$0.0,$0.00,
Stockroom,,BDI,1817,CORD CONNECTOR 4-PIN FEMALE,0,1,$0.0,$0.00,
Stockroom,,SCHAEDLER YESCO,1843,CORDSET 7 PIN STRAIGHT,0,1,$0.0,$0.00,
Stockroom,,SCHAEDLER YESCO,1844,CORDSET 8 PIN STRAIGHT,0,1,$0.0,$0.00,
Stockroom,,SCHAEDLER YESCO,1846,CIRCUIT BREAKER,0,1,$0.0,$0.00,
Stockroom,,SCHAEDLER YESCO,1852,AUXILIARY CONTACT,0,1,$0.0,$0.00,
Stockroom,,BDI,1857,SENDER / RECIEVER / BRACKET,0,1,$0.0,$0.00,
Stockroom,,KROMSCHRODER INC,GT50-07 M7,MOTOR GEAR,0,1,$0.0,$0.00,
Stockroom,,KROMSCHRODER INC,GT31-07M2,MOTOR GEAR,0,1,$0.0,$0.00,
Stockroom,,KROMSCHRODER INC,GT31-03M1,MOTOR GEAR,0,1,$0.0,$0.00,
Stockroom,,SCHAEDLER YESCO,100-C09D10,CONTACTOR THREE MAIN,0,1,$0.0,$0.00,
Stockroom,,SCHAEDLER YESCO,100-C30D00,CONTACTOR THREE MAIN,0,1,$0.0,$0.00,
Stockroom,,CERIC USA,104-C12D22,CONTACTOR REVERSING,0,1,$0.0,$0.00,
Stockroom,,SCHAEDLER YESCO,193-EA4CB,RELAY OVERLOAD,0,1,$0.0,$0.00,
Stockroom,,SCHAEDLER YESCO,193-EA4FB,RELAY OVERLOAD,0,1,$0.0,$0.00,
Stockroom,,SCHAEDLER YESCO,193-EPM1,ADAPTER DIN RAIL,0,1,$0.0,$0.00,
Stockroom,,SCHAEDLER YESCO,193-ES4BB,RELAY OVERLOAD,0,1,$0.0,$0.00,
Stockroom,,SCHAEDLER YESCO,42GRP-9000-QD1,PHOTOSWITCH,0,1,$0.0,$0.00,
Stockroom,,SCHAEDLER YESCO,42GRU-9000-QD1,PHOTOSWITCH,0,1,$0.0,$0.00,
Stockroom,,SCHAEDLER YESCO,802T-AP,SWITCH LIMIT,0,1,$0.0,$0.00,
Stockroom,,IFM EFECTOR,E18013,CONNECTOR 90 DEGREE,0,1,$0.0,$0.00,
Stockroom,,IFM EFECTOR,E18011,CONNECTOR STRAIGHT 5 PIN,0,1,$0.0,$0.00,
Stockroom,,CLAYTON ENGINEERING,1 015 693,REFLECTOR CURTAIN,0,1,$0.0,$0.00,
Stockroom,,SCHAEDLER YESCO,440L-R4H2500M-N,CURTAIN LIGHT,0,1,$0.0,$0.00,
Stockroom,,CLAYTON ENGINEERING,1013771,CURTAIN LIGHT,0,1,$0.0,$0.00,
Stockroom,,THE HITE COMPANY,HBLAC1,CONTACT AUXILIARY,0,1,$0.0,$0.00,
Stockroom,,MECO,102551,BOARD SCR DRIVE,0,1,$0.0,$0.00,
Stockroom,,CLAYTON ENGINEERING,1015670,CURTAIN LIGHT BAR,0,1,$0.0,$0.00,
Stockroom,,THE HITE COMPANY,LC2D18FE7,RELAY CONTACTOR,0,1,$0.0,$0.00,
Stockroom,,THE HITE COMPANY,CA3DN40BD,RELAY CONTROL,0,1,$0.0,$0.00,
Stockroom,,THE HITE COMPANY,CA3DN22BD,RELAY CONTROL,0,1,$0.0,$0.00,
Stockroom,,THE HITE COMPANY,CA2DN40G6,RELAY CONTROL,0,1,$0.0,$0.00,
Stockroom,,THE HITE COMPANY,CA2KN40F7,RELAY CONTROL,0,1,$0.0,$0.00,
Stockroom,,THE HITE COMPANY,CA2KN31F7,RELAY CONTROL,0,1,$0.0,$0.00,
Stockroom,,THE HITE COMPANY,CA4KN22BW3,RELAY CONTROL,0,1,$0.0,$0.00,
Stockroom,,THE HITE COMPANY,CA4KN31BW3,RELAY CONTROL,0,1,$0.0,$0.00,
Stockroom,,THE HITE COMPANY,CA4KN40BW3,RELAY CONTROL,0,1,$0.0,$0.00,
Stockroom,,SCHAEDLER YESCO,42FB-F2LNA-A2,PHOTOSWITCH,0,1,$0.0,$0.00,
Stockroom,,SCHAEDLER YESCO,43PR-NAS57ZM,PHOTOSWITCH OPTIC,0,1,$0.0,$0.00,
Stockroom,,SCHAEDLER YESCO,802T-H,SWITCH LIMIT,0,1,$0.0,$0.00,
Stockroom,,SCHAEDLER YESCO,802T-AMP,SWITCH LIMIT,0,1,$0.0,$0.00,
Stockroom,,SCHAEDLER YESCO,802T-ATP,SWITCH LIMIT,0,1,$0.0,$0.00,
Stockroom,,SCHAEDLER YESCO,802T-AM,SWITCH LIMIT,0,1,$0.0,$0.00,
Stockroom,,SCHAEDLER YESCO,802T-NPTP,SWITCH LIMIT,0,1,$0.0,$0.00,
Stockroom,,FANUC ROBOTICS NORTH AMERICA,A05B-2301-C371,PENDANT TEACH,0,1,$0.0,$0.00,
Stockroom,,FANUC ROBOTICS NORTH AMERICA,A20B-3900-0072,MODULE FROM 8MB,0,1,$0.0,$0.00,
Stockroom,,FANUC ROBOTICS NORTH AMERICA,A20B-3300-0085,CARD CPU DRAM,0,1,$0.0,$0.00,
Stockroom,,FANUC ROBOTICS NORTH AMERICA,A20B-3900-0061,MODULE SRAM,0,1,$0.0,$0.00,
Stockroom,,FANUC ROBOTICS NORTH AMERICA,A16B-3200-0330,BOARD MAIN,0,1,$0.0,$0.00,
Stockroom,,FANUC ROBOTICS NORTH AMERICA,A17B-3300-0201,CARD SERVO 6 AXIS,0,1,$0.0,$0.00,
Stockroom,,FANUC ROBOTICS NORTH AMERICA,A16B-2203-0370,UNIT POWER SUPPLY,0,1,$0.0,$0.00,
Stockroom,,FANUC ROBOTICS NORTH AMERICA,A05B-2400-C454,UNIT E-STOP,0,1,$0.0,$0.00,
Stockroom,,FANUC ROBOTICS NORTH AMERICA,A03B-0819-C002,PCB 5 SLOT,0,1,$0.0,$0.00,
Stockroom,,FANUC ROBOTICS NORTH AMERICA,A03B-0819-C011,PCB AIF01A,0,1,$0.0,$0.00,
Stockroom,,FANUC ROBOTICS NORTH AMERICA,XGMF-12487,CABLE TEACH PENDANT,0,1,$0.0,$0.00,
Stockroom,,FANUC ROBOTICS NORTH AMERICA,A98L-0031-0012,BATTERY LITHIUM,0,1,$0.0,$0.00,
Stockroom,,FANUC ROBOTICS NORTH AMERICA,XGMF-00504,FUSE 1.0A,0,1,$0.0,$0.00,
Stockroom,,FANUC ROBOTICS NORTH AMERICA,XGMF-09177,FUSE 7.5A,0,1,$0.0,$0.00,
Stockroom,,FANUC ROBOTICS NORTH AMERICA,XGMF-11750,FUSE 8.0A,0,1,$0.0,$0.00,
Stockroom,,FANUC ROBOTICS NORTH AMERICA,XGMF-11751,FUSE 1.0A LM,0,1,$0.0,$0.00,
Stockroom,,SCHAEDLER YESCO,100-SA01,CONTACT AUXILIARY,0,1,$0.0,$0.00,
Stockroom,,SCHAEDLER YESCO,872C-DH8NP18-E2,SWITCH PROXIMITY,0,1,$0.0,$0.00,
Stockroom,,CLAYTON ENGINEERING,LC2D12BL,RELAY CONTACTOR REVERSING,0,1,$0.0,$0.00,
Stockroom,,FANUC ROBOTICS NORTH AMERICA,A20B-8001-0700,BOARD AB RIO,0,1,$0.0,$0.00,
Stockroom,,SCHAEDLER YESCO,42GRU-9001-QD,PHOTOSWITCH,0,1,$0.0,$0.00,
Stockroom,,SCHAEDLER YESCO,AB855HBCD24CDR5,HORN &amp; STOBE,0,1,$0.0,$0.00,
Stockroom,,FANUC ROBOTICS NORTH AMERICA,XGMF-10784,FUSE,0,1,$0.0,$0.00,
Stockroom,,FANUC ROBOTICS NORTH AMERICA,A97L-0218-0245#257,GEAR,0,1,$0.0,$0.00,
Stockroom,,CLAYTON ENGINEERING,CAD32F7,RELAY CONTROL,0,1,$0.0,$0.00,
Stockroom,,BDI,RE9-TA21MW,RELAY TIMING KILN,0,1,$0.0,$0.00,
Stockroom,,SCHAEDLER YESCO,1699,AUX CONTACT: 1-NO 1-NC,0,1,$0.0,$0.00,
Stockroom,,SCHAEDLER YESCO,1707,OVERLOAD RELAY,0,1,$0.0,$0.00,
Stockroom,,SCHAEDLER YESCO,1708,OVERLOAD RELAY,0,1,$0.0,$0.00,
Stockroom,,SCHAEDLER YESCO,1735,CONTROL RELAY,0,1,$0.0,$0.00,
Stockroom,,SCHAEDLER YESCO,1736,CONTACTOR,0,1,$0.0,$0.00,
Stockroom,,SCHAEDLER YESCO,1738,CONTROL RELAY,0,1,$0.0,$0.00,
Stockroom,,IFM EFECTOR,1747,5-PIN FEMALE CONNECTOR,0,1,$0.0,$0.00,
Stockroom,,IFM EFECTOR,1752,4-PIN FEMALE CONNECTOR,0,1,$0.0,$0.00,
Stockroom,,SCHAEDLER YESCO,1762,OVERLOAD RELAY,0,1,$0.0,$0.00,
Stockroom,,SCHAEDLER YESCO,1763,OVERLOAD RELAY,0,1,$0.0,$0.00,
Stockroom,,SCHAEDLER YESCO,1764,OVERLOAD RELAY,0,1,$0.0,$0.00,
Stockroom,,IFM EFECTOR,1770,4-PIN FEMALE CONNECTOR,0,1,$0.0,$0.00,
Stockroom,,IFM EFECTOR,1771,4-WIRE CORD SET,0,1,$0.0,$0.00,
Stockroom,,SCHAEDLER YESCO,1773,4-PIN FEMALE CORD CONNECTOR,0,1,$0.0,$0.00,
Stockroom,,SCHAEDLER YESCO,1789,CONNECTOR CORD FEMALE,0,1,$0.0,$0.00,
Stockroom,,SCHAEDLER YESCO,1791,BACKPLANE COMMUNICATION MODULE,0,1,$0.0,$0.00,
Stockroom,,IFM EFECTOR,1801,CORD CONNECTOR - 5-PIN FEMALE,0,1,$0.0,$0.00,
Stockroom,,IFM EFECTOR,1802,CORD CONNECTOR 8-PIN FEMALE,0,1,$0.0,$0.00,
Stockroom,,FANUC ROBOTICS NORTH AMERICA,1809,RJ-3 PCMCIA PORT ASSEMBLY,0,1,$0.0,$0.00,
Stockroom,,SCHAEDLER YESCO,1845,CORDSET 4 PIN STRAIGHT,0,1,$0.0,$0.00,
Stockroom,,SCHAEDLER YESCO,1850,CONTACTOR,0,1,$0.0,$0.00,
Stockroom,,CERIC USA,1632,COMPUTER WINCER,0,1,$0.0,$0.00,
Stockroom,,CERIC USA,1633,COMPUTER PCCER,0,1,$0.0,$0.00,
Stockroom,,CERIC USA,1634,COMPUTER SPARE,0,1,$0.0,$0.00,
Stockroom,,TAZGO MACHINE INC.,1610,BLOCK CHAIN RISER,0,1,$0.0,$0.00,
Stockroom,,TRANSMISSION &amp; BEARINGS,1620,CHAIN #60 FLAT SIDE,0,1,$0.0,$0.00,
Stockroom,,BDI,1757,DEHACK INSPECTION CHAIN,0,1,$0.0,$0.00,
Stockroom,,SCHAEDLER YESCO,1485R-P1M5-C,DEVICENET,0,1,$0.0,$0.00,
Stockroom,,SCHAEDLER YESCO,1485T-P2T5-T5,TRAP POWER,0,1,$0.0,$0.00,
Stockroom,,SCHAEDLER YESCO,1746-HSCE,PLC COUNTER HIGH SPEED,0,1,$0.0,$0.00,
Stockroom,,SCHAEDLER YESCO,1746-IB16,PLC MODULE DIGITAL INPUT,0,1,$0.0,$0.00,
Stockroom,,SCHAEDLER YESCO,1746-IB32,PLC MODULE DIGITAL INPUT,0,1,$0.0,$0.00,
Stockroom,,SCHAEDLER YESCO,1746-ITV16,PLC FAST RESPONSE DIGITAL INP,0,1,$0.0,$0.00,
Stockroom,,SCHAEDLER YESCO,1746-OA16,PLC MODULE DIGITAL OUTPUT,0,1,$0.0,$0.00,
Stockroom,,SCHAEDLER YESCO,1746-OBP16,PLC MODULE DIGITAL OUTPUT,0,1,$0.0,$0.00,
Stockroom,,SCHAEDLER YESCO,1746-OW16,PLC MODULE DIGITAL CONTACT OU,0,1,$0.0,$0.00,
Stockroom,,SCHAEDLER YESCO,1746-P2,PLC SUPPLY POWER,0,1,$0.0,$0.00,
Stockroom,,SCHAEDLER YESCO,1746A10,PLC CHASSIS 10 SLOT,0,1,$0.0,$0.00,
Stockroom,,SCHAEDLER YESCO,1746A4,PLC CHASSIS 4 SLOT,0,1,$0.0,$0.00,
Stockroom,,SCHAEDLER YESCO,1746A7,PLC CHASSIS 7 SLOT,0,1,$0.0,$0.00,
Stockroom,,SCHAEDLER YESCO,1747--L532,PLC PROCESSOR,0,1,$0.0,$0.00,
Stockroom,,SCHAEDLER YESCO,1474-L542,PLC PROCESSOR,0,1,$0.0,$0.00,
Stockroom,,SCHAEDLER YESCO,1747-M13,PLC MODULE FLASH MEMORY,0,1,$0.0,$0.00,
Stockroom,,SCHAEDLER YESCO,1747-SDN,PLC MODULE DEVICENET SCANNER,0,1,$0.0,$0.00,
Stockroom,,SCHAEDLER YESCO,1747-SN,PLC MODULE REMOTE IN/OUT,0,1,$0.0,$0.00,
Stockroom,,SCHAEDLER YESCO,1756A7,PLC CHASSIS CONTROL LOGIC,0,1,$0.0,$0.00,
Stockroom,,SCHAEDLER YESCO,1756DHRIO SERIES C,PLC MODULE DH+ COMMUNICATION,0,1,$0.0,$0.00,
Stockroom,,SCHAEDLER YESCO,1756DNB,PLC MODULE DEVICENET SCANNER,0,1,$0.0,$0.00,
Stockroom,,SCHAEDLER YESCO,1756ENBT,PLC MODULE COMMUNICATION INT,0,1,$0.0,$0.00,
Stockroom,,SCHAEDLER YESCO,1756PA72,PLC SUPPLY POWER CONTROL LOGI,0,1,$0.0,$0.00,
Stockroom,,SCHAEDLER YESCO,1769-CRR3,PLC CABLE COMPACT EXPANSION,0,1,$0.0,$0.00,
Stockroom,,SCHAEDLER YESCO,1769-ECL,PLC CAP COMPACT END IN/OUT,0,1,$0.0,$0.00,
Stockroom,,SCHAEDLER YESCO,1769-IA16,PLC MODULE COMPACT INPUT,0,1,$0.0,$0.00,
Stockroom,,SCHAEDLER YESCO,1769-IF4,PLC MODULE COMPACT ANALOG INP,0,1,$0.0,$0.00,
Stockroom,,SCHAEDLER YESCO,1769-OA8,PLC MODULE COMPACT OUTPUT,0,1,$0.0,$0.00,
Stockroom,,SCHAEDLER YESCO,1769-PA4,PLC SUPPLY COMPACT POWER,0,1,$0.0,$0.00,
Stockroom,,SCHAEDLER YESCO,2711-B5A10,PANELVIEW,0,1,$0.0,$0.00,
Stockroom,,SCHAEDLER YESCO,2711-B5A8,PANELVIEW,0,1,$0.0,$0.00,
Stockroom,,SCHAEDLER YESCO,1746-NO4I,PLC MODULE ANALOG OUTPUT,0,1,$0.0,$0.00,
Stockroom,,SCHAEDLER YESCO,1747-L524,PLC PROCESSOR,0,1,$0.0,$0.00,
Stockroom,,SCHAEDLER YESCO,1761-L32AAA,PLC PROCESSOR,0,1,$0.0,$0.00,
Stockroom,,SCHAEDLER YESCO,1747-BA,BATTERY,0,1,$0.0,$0.00,
Stockroom,,SCHAEDLER YESCO,1745-M1,MODULE MEMORY,0,1,$0.0,$0.00,
Stockroom,,SCHAEDLER YESCO,1746-IA16,MODULE INPUT,0,1,$0.0,$0.00,
Stockroom,,SCHAEDLER YESCO,2711-M3A18L1,PANELVIEW 300 MICRO,0,1,$0.0,$0.00,
Stockroom,,SCHAEDLER YESCO,1756L55M12,PLC PROCESSOR CONTROLIX,0,1,$0.0,$0.00,
Stockroom,,SCHAEDLER YESCO,1769-IA16,DUPLICATE,0,1,$0.0,$0.00,
Stockroom,,SCHAEDLER YESCO,1769-OA16,MODULE OUTPUT 1769,0,1,$0.0,$0.00,
Stockroom,,SCHAEDLER YESCO,1769-PA4,DUPLICATE,0,1,$0.0,$0.00,
Stockroom,,SCHAEDLER YESCO,1769-ECR,TERMINATOR RIGHT END CAP,0,1,$0.0,$0.00,
Stockroom,,SCHAEDLER YESCO,1769-RTBN18,BLOCK TERMINAL 18 PIN,0,1,$0.0,$0.00,
Stockroom,,SCHAEDLER YESCO,1485P-P1N5-MN5L1,T-PORT MINI,0,1,$0.0,$0.00,
Stockroom,,SCHAEDLER YESCO,1485A-T1M5,TERMINATOR MINI MALE,0,1,$0.0,$0.00,
Stockroom,,SCHAEDLER YESCO,1485T-P2T5-T5,TAP POWER SUPPLY,0,1,$0.0,$0.00,
Stockroom,,SCHAEDLER YESCO,1747-L543,PLC PROCESSOR,0,1,$0.0,$0.00,
Stockroom,,ALAR ENGINEERING,7350-145,PLC SIEMENS,0,1,$0.0,$0.00,
Stockroom,,ALAR ENGINEERING,7350-146,MODULE OUTPUT,0,1,$0.0,$0.00,
Stockroom,,ALAR ENGINEERING,7350-145,PLC SIEMENS,0,1,$0.0,$0.00,
Stockroom,,SCHAEDLER YESCO,1694,OUTPUT MODULE,0,1,$0.0,$0.00,
Stockroom,,SCHAEDLER YESCO,1732,BATTERY,0,1,$0.0,$0.00,
Stockroom,,SCHAEDLER YESCO,1790,PANELVIEW,0,1,$0.0,$0.00,
Stockroom,,SCHAEDLER YESCO,1836,PANELVIEW,0,1,$0.0,$0.00,
Stockroom,,SCHAEDLER YESCO,1837,INPUT MODULE,0,1,$0.0,$0.00,
Stockroom,,SCHAEDLER YESCO,1839,ANALOG INPUT MODULE,0,1,$0.0,$0.00,
Stockroom,,SCHAEDLER YESCO,1840,ANALOG INPUT MODULE,0,1,$0.0,$0.00,
Stockroom,,SCHAEDLER YESCO,1841,PANELVIEW PLUS 6&#34;,0,1,$0.0,$0.00,
Stockroom,,SCHAEDLER YESCO,1842,PRE-WIRED LIMIT SWITCH,0,1,$0.0,$0.00,
Stockroom,,SCHAEDLER YESCO,1851,POWER SUPPLY,0,1,$0.0,$0.00,
Stockroom,,SCHAEDLER YESCO,1853,BATTERY MODULE,0,1,$0.0,$0.00,
Stockroom,,SCHAEDLER YESCO,1855,DC POWER SUPPLY,0,1,$0.0,$0.00,
Stockroom,,SCHAEDLER YESCO,1492-CB1H050,CIRCUIT BREAKER 5 AMP,0,1,$0.0,$0.00,
Stockroom,,SCHAEDLER YESCO,1492-CB1H100,CIRCUIT BREAKER 10 AMP,0,1,$0.0,$0.00,
Stockroom,,SCHAEDLER YESCO,1492-CB2H150,CIRCUIT BREAKER 15 AMP,0,1,$0.0,$0.00,
Stockroom,,SCHAEDLER YESCO,1492-CB3H050,CIRCUIT BREAKER 5 AMP,0,1,$0.0,$0.00,
Stockroom,,SCHAEDLER YESCO,1492-CB3H150,CIRCUIT BREAKER 15 AMP,0,1,$0.0,$0.00,
Stockroom,,SCHAEDLER YESCO,42GRU-92LO-QD1,SWITCH LASERLIGHT,0,1,$0.0,$0.00,
Stockroom,,SCHAEDLER YESCO,1791DOB16PX &#160;SERIES D,PLC BLOCK DIGITAL OUTPUT EXPA,0,1,$0.0,$0.00,
Stockroom,,SCHAEDLER YESCO,1791D-OB16P SERIES C,PLC DEVICE NET DIGITAL OUTPUT,0,1,$0.0,$0.00,
Stockroom,,SCHAEDLER YESCO,1791D-OB16P SERIES D,PLC DEVICE NET DIGITAL OUTPUT,0,1,$0.0,$0.00,
Stockroom,,SCHAEDLER YESCO,1791D16BO SERIES C,PLC DEVICE NET DIGITAL INPUT,0,1,$0.0,$0.00,
Stockroom,,SCHAEDLER YESCO,1791D16BO SERIES D,PLC DEVICE NET DIGITAL INPUT,0,1,$0.0,$0.00,
Stockroom,,SCHAEDLER YESCO,1791D16BOX SERIES C,PLC BLOCK DIGITAL INPUT EXPAN,0,1,$0.0,$0.00,
Stockroom,,SCHAEDLER YESCO,1791D16BOX SERIES D,PLC BLOCK DIGITAL INPUT EXPAN,0,1,$0.0,$0.00,
Stockroom,,SCHAEDLER YESCO,1791D8B8P SERIES C,PLC BASE DIGITAL IN/OUT COMBI,0,1,$0.0,$0.00,
Stockroom,,SCHAEDLER YESCO,1791D8B8P SERIES D,PLC BASE DIGITAL IN/OUT COMBI,0,1,$0.0,$0.00,
Stockroom,,SCHAEDLER YESCO,1791DOB16PX SERIES C,PLC BLOCK DIGITAL OUTPUT EXPA,0,1,$0.0,$0.00,
Stockroom,,SCHAEDLER YESCO,1794IR8,PLC MODULE RTD INPUT,0,1,$0.0,$0.00,
Stockroom,,SCHAEDLER YESCO,1794-ADN,PLC ADAPTER DEVICENET I/O COM,0,1,$0.0,$0.00,
Stockroom,,SCHAEDLER YESCO,1794-IB16,PLC MODULE DIGITAL INPUT,0,1,$0.0,$0.00,
Stockroom,,SCHAEDLER YESCO,1794-IE8,PLC MODULE ANALOG INPUT,0,1,$0.0,$0.00,
Stockroom,,SCHAEDLER YESCO,1794-OE4,PLC MODULE ANALOG OUTPUT,0,1,$0.0,$0.00,
Stockroom,,SCHAEDLER YESCO,17940A16,PLC MODULE DIGITAL OUTPUT,0,1,$0.0,$0.00,
Stockroom,,SCHAEDLER YESCO,1794IT8,PLC MODULE THERMOCOUPLE INPUT,0,1,$0.0,$0.00,
Stockroom,,CLAYTON ENGINEERING,ZB5AG2,SWITCH KEY TYPE SELECTOR,0,1,$0.0,$0.00,
Stockroom,,THE HITE COMPANY,XBFX13,BULB PILOT LIGHT,0,1,$0.0,$0.00,
Stockroom,,CLAYTON ENGINEERING,ZB5AS844,PUSHBUTTON RED MUSHROOM,0,1,$0.0,$0.00,
Stockroom,,CLAYTON ENGINEERING,ZB5AZ105,CONTACT BLOCK SWITCH,0,1,$0.0,$0.00,
Stockroom,,CLAYTON ENGINEERING,ZB5AK1233,SWITCH 2 POSITION GREEN,0,1,$0.0,$0.00,
Stockroom,,CLAYTON ENGINEERING,ZB5AZ009,RETRAINING CLIP,0,1,$0.0,$0.00,
Stockroom,,CLAYTON ENGINEERING,ZB5AD3,SWITCH 3 POSITION BLACK,0,1,$0.0,$0.00,
Stockroom,,CLAYTON ENGINEERING,ZB5AJ3,SWITCH 3 POSITION BLACK,0,1,$0.0,$0.00,
Stockroom,,CLAYTON ENGINEERING,ZB5AD2,SWITCH 2 POSITION BLACK,0,1,$0.0,$0.00,
Stockroom,,CLAYTON ENGINEERING,XB5AW36B5,PUSHBUTTON ILLUMINATED,0,1,$0.0,$0.00,
Stockroom,,CLAYTON ENGINEERING,ZBE101,CONTACT NO,0,1,$0.0,$0.00,
Stockroom,,GRAINGER INC.,6HZ09,CONTACT NC,0,1,$0.0,$0.00,
Stockroom,,CLAYTON ENGINEERING,ZB5AS52,PUSHBUTTON BLACK,0,1,$0.0,$0.00,
Stockroom,,SCHAEDLER YESCO,1794-IA16,MODULE INPUT,0,1,$0.0,$0.00,
Stockroom,,SCHAEDLER YESCO,802M-CY5,SWITCH LIMIT,0,1,$0.0,$0.00,
Stockroom,,SCHAEDLER YESCO,1769-ADN,ADAPTER COMPACT I/O,0,1,$0.0,$0.00,
Stockroom,,SCHAEDLER YESCO,440E-L13133,SWITCH SAFETY PULL CABLE,0,1,$0.0,$0.00,
Stockroom,,SCHAEDLER YESCO,1492-SP1B050-N,CIRCUIT BREAKER 5A,0,1,$0.0,$0.00,
Stockroom,,SCHAEDLER YESCO,1700,CONTACT BLOCK,0,1,$0.0,$0.00,
Stockroom,,SCHAEDLER YESCO,1795,CIRCUIT BREAKER,0,1,$0.0,$0.00,
Stockroom,,BDI,1803,PUSHBUTTON-BLACK,0,1,$0.0,$0.00,
Stockroom,,BDI,1804,PUSHBUTTON - ILLUMINATING -RED,0,1,$0.0,$0.00,
Stockroom,,BDI,1805,CONTACT BLOCK - LIGHT MODULE,0,1,$0.0,$0.00,
Stockroom,,BDI,1806,CONTACT BLOCK WITH ILLUMINATIN,0,1,$0.0,$0.00,
Stockroom,,BDI,1807,PUSHBUTTON - GREEN LENS,0,1,$0.0,$0.00,
Stockroom,,SCHAEDLER YESCO,1838,FLEX I/O ANALOG MODULE,0,1,$0.0,$0.00,
Stockroom,,SCHAEDLER YESCO,1847,CIRCUIT BREAKER,0,1,$0.0,$0.00,
Stockroom,,SCHAEDLER YESCO,1848,CIRCUIT BREAKER,0,1,$0.0,$0.00,
Stockroom,,NEWARK INONE,17C6913,RELAY,0,1,$0.0,$0.00,
Stockroom,,ERIE BEARINGS COMPANY,1197,RELAY FINDER 120VAC,0,1,$0.0,$0.00,
Stockroom,,ERIE BEARINGS COMPANY,1275,RELAY FINDER 240VAC,0,1,$0.0,$0.00,
Stockroom,,ERIE BEARINGS COMPANY,1276,RELAY FINDER 24VDC,0,1,$0.0,$0.00,
Stockroom,,ERIE BEARINGS COMPANY,40.52.8.120.0000,RELAY FINDER,0,1,$0.0,$0.00,
Stockroom,,NEWARK INONE,07C9485,SWITCH THUMBWHEEL,0,1,$0.0,$0.00,
Stockroom,,NEWARK INONE,01B7060,METER OVERLOAD RELAY,0,1,$0.0,$0.00,
Stockroom,,NEWARK INONE,48F1292,RELAY SCHRACK,0,1,$0.0,$0.00,
Stockroom,,NEWARK INONE,85C0866,RELAY SCHRACK,0,1,$0.0,$0.00,
Stockroom,,SCHAEDLER YESCO,1697,RELAY 24VDC,0,1,$0.0,$0.00,
Stockroom,,SCHAEDLER YESCO,1701,PUSHBUTTON LENSES,0,1,$0.0,$0.00,
Stockroom,,SCHAEDLER YESCO,1709,STEP SWITCH,0,1,$0.0,$0.00,
Stockroom,,SCHAEDLER YESCO,1710,RELAY 12VDC,0,1,$0.0,$0.00,
Stockroom,,SCHAEDLER YESCO,1717,POTENTIOMETER,0,1,$0.0,$0.00,
Stockroom,,NEWARK INONE,1722,RELAY,0,1,$0.0,$0.00,
Stockroom,,SCHAEDLER YESCO,1728,CAM SWITCH,0,1,$0.0,$0.00,
Stockroom,,FANUC ROBOTICS NORTH AMERICA,1746,KEY SWITCH,0,1,$0.0,$0.00,
Stockroom,,SCHAEDLER YESCO,1748,ON/OFF SWITCH,0,1,$0.0,$0.00,
Stockroom,,BDI,1797,RELAY SOCKET,0,1,$0.0,$0.00,
Stockroom,,BDI,1798,RELAY FINDER,0,1,$0.0,$0.00,
Stockroom,,BDI,1799,RELAY FINDER,0,1,$0.0,$0.00,
Stockroom,,IFM EFECTOR,1856,LIGHT CURTAIN,0,1,$0.0,$0.00,
Stockroom,,POWER DRIVES INC,163435,CYLINDER AIR,0,1,$0.0,$0.00,
Stockroom,,POWER DRIVES INC,156048,CYLINDER AIR,0,1,$0.0,$0.00,
Stockroom,,POWER DRIVES INC,163337,CYLINDER AIR,0,1,$0.0,$0.00,
Stockroom,,POWER DRIVES INC,163338,CYLINDER AIR,0,1,$0.0,$0.00,
Stockroom,,POWER DRIVES INC,163401,CYLINDER AIR,0,1,$0.0,$0.00,
Stockroom,,POWER DRIVES INC,156642,CYLINDER AIR,0,1,$0.0,$0.00,
Stockroom,,POWER DRIVES INC,163464,CYLINDER AIR,0,1,$0.0,$0.00,
Stockroom,,POWER DRIVES INC,163371,CYLINDER AIR,0,1,$0.0,$0.00,
Stockroom,,POWER DRIVES INC,DZH-32-40-PPV-A,CYLINDER AIR,0,1,$0.0,$0.00,
Stockroom,,POWER DRIVES INC,DNC-50-320-PPV-A,CYLINDER AIR,0,1,$0.0,$0.00,
Stockroom,,POWER DRIVES INC,ADVU-32-60-A-P-A,CYLINDER AIR,0,1,$0.0,$0.00,
Stockroom,,POWER DRIVES INC,ADVU-50-300-A-P-A,CYLINDER AIR,0,1,$0.0,$0.00,
Stockroom,,POWER DRIVES INC,DNC-80-180-PPV-A,CYLINDER AIR,0,1,$0.0,$0.00,
Stockroom,,POWER DRIVES INC,DNC-50-160-PPV-A,CYLINDER AIR,0,1,$0.0,$0.00,
Stockroom,,POWER DRIVES INC,DNC-63-200-PPV-A,CYLINDER AIR,0,1,$0.0,$0.00,
Stockroom,,POWER DRIVES INC,ADVU-63-150-A-PA,CYLINDER AIR,0,1,$0.0,$0.00,
Stockroom,,POWER DRIVES INC,DNC-50-100-PPV-A,CYLINDER AIR,0,1,$0.0,$0.00,
Stockroom,,POWER DRIVES INC,DNC-50-200-PPV-A,CYLINDER AIR,0,1,$0.0,$0.00,
Stockroom,,POWER DRIVES INC,DNC-50-40-PPV-A,CYLINDER AIR,0,1,$0.0,$0.00,
Stockroom,,POWER DRIVES INC,DNC-63-160-PPV-A,CYLINDER AIR,0,1,$0.0,$0.00,
Stockroom,,POWER DRIVES INC,DNC-63-80-PPV-A,CYLINDER AIR,0,1,$0.0,$0.00,
Stockroom,,POWER DRIVES INC,ESW-50-50-P-A-B,CYLINDER AIR,0,1,$0.0,$0.00,
Stockroom,,POWER DRIVES INC,DNC-80-125-PPV-A,CYLINDER AIR,0,1,$0.0,$0.00,
Stockroom,,POWER DRIVES INC,DNC-100-50-PPV-A,CYLINDER AIR,0,1,$0.0,$0.00,
Stockroom,,ERIE BEARINGS COMPANY,1103,EB 1103,0,1,$0.0,$0.00,
Stockroom,,FANUC ROBOTICS NORTH AMERICA,A05B-1039-H202,ASS'Y HARNESS,0,1,$0.0,$0.00,
Stockroom,,POWER DRIVES INC,DSW-50-50-PPV-A-B,CYLINDER AIR,0,1,$0.0,$0.00,
Stockroom,,POWER DRIVES INC,ADVU-32-280-A-P-A,CYLINDER AIR,0,1,$0.0,$0.00,
Stockroom,,POWER DRIVES INC,DSW-40-200-PAB,CYLINDER AIR,0,1,$0.0,$0.00,
Stockroom,,BDI,TE-314-C,THRUSTER LINEAR,0,1,$0.0,$0.00,
Stockroom,,BDI,UG-0926,CYLINDER RODLESS,0,1,$0.0,$0.00,
Stockroom,,BDI,FT-174,CYLINDER AIR BIMBA,0,1,$0.0,$0.00,
Stockroom,,PENN BEARING &amp; SUPPLY,SBPAF118422X18.00,CYLINDER AIR,0,1,$0.0,$0.00,
Stockroom,,BDI,UGS-0416,CYLINDER RODLESS,0,1,$0.0,$0.00,
Stockroom,,POWER DRIVES INC,1815,AIR CYLINDER,0,1,$0.0,$0.00,
Stockroom,,POWER DRIVES INC,1816,AIR CYLINDER,0,1,$0.0,$0.00,
Stockroom,,BDI,1818,ROD END BEARINGS,0,1,$0.0,$0.00,
Stockroom,,BDI,1819,ROD &#160;END BEARING,0,1,$0.0,$0.00,
Stockroom,,BDI,1820,ROD END BEARING,0,1,$0.0,$0.00,
Stockroom,,BDI,1821,ROD END BEARING,0,1,$0.0,$0.00,
Stockroom,,BDI,1822,ROD END BEARING,0,1,$0.0,$0.00,
Stockroom,,BDI,1823,ROD END BEARING,0,1,$0.0,$0.00,
Stockroom,,BDI,1824,ROD END BEARING,0,1,$0.0,$0.00,
Stockroom,,BDI,1825,ROD END BEARING,0,1,$0.0,$0.00,
Stockroom,,BDI,1826,ROD END BEARIN,0,1,$0.0,$0.00,
Stockroom,,BDI,1827,ROD END BEARING,0,1,$0.0,$0.00,
Stockroom,,BDI,1829,AIR CYLINDER,0,1,$0.0,$0.00,
Stockroom,,BDI,H2003,CYLINDER AIR,0,1,$0.0,$0.00,
Stockroom,,POWER DRIVES INC,159581,VALVE REGULATOR,0,1,$0.0,$0.00,
Stockroom,,POWER DRIVES INC,159690,VALVE SOLENOID,0,1,$0.0,$0.00,
Stockroom,,POWER DRIVES INC,123060,COIL SOLENOID &#160;24V,0,1,$0.0,$0.00,
Stockroom,,POWER DRIVES INC,34411,COIL SOLENOID,0,1,$0.0,$0.00,
Stockroom,,THE HITE COMPANY,F35VXBG023A,VALVE SOLENOID,0,1,$0.0,$0.00,
Stockroom,,ERIE BEARINGS COMPANY,F36VXBG023A,VALVE SOLENOID,0,1,$0.0,$0.00,
Stockroom,,BDI,F32VXBG023A,VALVE SOLENOID,0,1,$0.0,$0.00,
Stockroom,,ERIE BEARINGS COMPANY,F31VXBG023A,VALVE SOLENOID,0,1,$0.0,$0.00,
Stockroom,,POWER DRIVES INC,159687,VALVE SOLENOID,0,1,$0.0,$0.00,
Stockroom,,POWER DRIVES INC,159688,VALVE SOLENOID,0,1,$0.0,$0.00,
Stockroom,,POWER DRIVES INC,159681,VALVE SOLENOID,0,1,$0.0,$0.00,
Stockroom,,POWER DRIVES INC,151852,VALVE SOLENOID,0,1,$0.0,$0.00,
Stockroom,,POWER DRIVES INC,159699,VALVE SOLENOID,0,1,$0.0,$0.00,
Stockroom,,POWER DRIVES INC,159700,VALVE SOLENOID,0,1,$0.0,$0.00,
Stockroom,,POWER DRIVES INC,159702,VALVE SOLENOID,0,1,$0.0,$0.00,
Stockroom,,POWER DRIVES INC,4527,COIL SOLENOID,0,1,$0.0,$0.00,
Stockroom,,POWER DRIVES INC,123061,COIL SOLENOID 120V,0,1,$0.0,$0.00,
Stockroom,,BDI,1711,BELL HOUSING,0,1,$0.0,$0.00,
Stockroom,,BDI,I2004,VALVE SOLENOID,0,1,$0.0,$0.00,
Stockroom,,POWER DRIVES INC,540-2309-U3/8,SILENCER AIR,0,1,$0.0,$0.00,
Stockroom,,POWER DRIVES INC,CPV18-GE-MP-6,VALVE MANIFOLD FACE PLATE,0,1,$0.0,$0.00,
Stockroom,,POWER DRIVES INC,360608,O-RING,0,1,$0.0,$0.00,
Stockroom,,POWER DRIVES INC,124731,SEAL,0,1,$0.0,$0.00,
Stockroom,,POWER DRIVES INC,163190,VALVE SOLENOID,0,1,$0.0,$0.00,
Stockroom,,POWER DRIVES INC,18220-10P-18-8A-MP-N-Y-7,VALVE MANIFOLD,0,1,$0.0,$0.00,
STOCKROOM,,PDI,PDI,J1142,0,1,$0.0,$0.00,
MAIN,,PDI,J1270,,0,1,$0.0,$0.00,
MAIN,,PDI,J1271,,0,1,$0.0,$0.00,
MAIN,,PDI,J1272,,0,1,$0.0,$0.00,
MAIN,,PDI,J1273,,0,1,$0.0,$0.00,
MAIN,,PDI,J1320,,0,1,$0.0,$0.00,
MAIN,,BDI,J1611,,0,1,$0.0,$0.00,
MAIN,,PDI,K1077,,0,1,$0.0,$0.00,
MAIN,,PDI,K1084,,0,1,$0.0,$0.00,
MAIN,,PDI,K1085,,0,1,$0.0,$0.00,
MAIN,,PDI,K1087,,0,1,$0.0,$0.00,
MAIN,,PDI,K1088,,0,1,$0.0,$0.00,
MAIN,,PDI,K1093,,0,1,$0.0,$0.00,
MAIN,,PDI,K1099,,0,1,$0.0,$0.00,
MAIN,,PDI,K1143,,0,1,$0.0,$0.00,
MAIN,,PDI,K1523,,0,1,$0.0,$0.00,
MAIN,,PDI,K1644,,0,1,$0.0,$0.00,
MAIN,,MARLIN,KCR1442,,0,1,$0.0,$0.00,
MAIN,,MARLIN,KCR1443,,0,1,$0.0,$0.00,
MAIN,,CERIC,KCR1516,,0,1,$0.0,$0.00,
MAIN,,CERIC,KCR1517,,0,1,$0.0,$0.00,
MAIN,,CERIC,KCR1518,,0,1,$0.0,$0.00,
MAIN,,CERIC,KCR1519,,0,1,$0.0,$0.00,
MAIN,,SCHYES,KCR1520,,0,1,$0.0,$0.00,
MAIN,,CERIC,KCR1660,,0,1,$0.0,$0.00,
MAIN,,ERIEB,KCR1733,,0,1,$0.0,$0.00,
MAIN,,MECO,KILN1257,,0,1,$0.0,$0.00,
MAIN,,2435-47-457,KILN1258,BLOCK LEFT FRONT CORNER,0,1,$0.0,$0.00,
Stockroom,,2435-48-457,$184.50,BLOCK RIGHT FRONT CORNER,0,1,$0.0,$0.00,
MAIN,,KILN1262,BLOCK SIDE,Last Cost,0,1,$0.0,$0.00,
MECO,,FAN UNDER CAR COOLING SUPPLY,Stockroom,MAIN,0,1,$0.0,$0.00,
TCF AEROVENT,,FAN DRYER EXHAUST,Stockroom,AERO,0,1,$0.0,$0.00,
TCF AEROVENT,,BLOCK DECK,Stockroom,AERO,0,1,$0.0,$0.00,
655-11,,Stockroom,Last Cost,MECO,0,1,$0.0,$0.00,
$0.00,,Last Cost,MAIN,655-12,0,1,$0.0,$0.00,
KILN1456,,MAIN,MECO,$0.00,0,1,$0.0,$0.00,
BLOCK,,MECO,2401-829,KILN1457,0,1,$0.0,$0.00,
Stockroom,,CA825,$89.70,BLOCK SIDE BURCOLITE,0,1,$0.0,$0.00,
Stockroom,,ALAR ENGINEERING,1460-019,JOINT ROTARY LEFT HAND,0,1,$0.0,$0.00,
Stockroom,,ALAR ENGINEERING,1460-005,JOINT ROTARY RIGHT HAND,0,1,$0.0,$0.00,
Stockroom,,OMEGA ENGINEERING,DPF701,METER TOTALIZER,0,1,$0.0,$0.00,
Stockroom,,OMEGA ENGINEERING,FP-5300,TRANSDUCER FLOW,0,1,$0.0,$0.00,
Stockroom,,SUPERIOR PUMP &amp; EQUIPMENT LLC,1006850,VALVE BACK PRESSURE,0,1,$0.0,$0.00,
Stockroom,,SUPERIOR PUMP &amp; EQUIPMENT LLC,1001435,VALVE KIT SUCTION,0,1,$0.0,$0.00,
Stockroom,,SUPERIOR PUMP &amp; EQUIPMENT LLC,1001439,VALVE KIT DISCHARGE,0,1,$0.0,$0.00,
Stockroom,,MSC INDUSTRIAL SUPPLY CO. INC.,2953560,VALVE PLAST-O-MATIC,0,1,$0.0,$0.00,
Stockroom,,ALAR ENGINEERING,4450-123,PUMP VACUUM,0,1,$0.0,$0.00,
Stockroom,,ALAR ENGINEERING,7350-044,POWER SUPPLY 5 VDC,0,1,$0.0,$0.00,
Stockroom,,INDUSTRIAL CONTROLS,1685,SENSOR LIQUID LEVEL,0,1,$0.0,$0.00,
Stockroom,,BDI,1712,PNEUMATIC VALVE &amp; COIL,0,1,$0.0,$0.00,
Stockroom,,F.T. THOMAS PUMP &amp; SUPPLY,SHG-PY2000,PUMP SUMP VANTON,0,1,$0.0,$0.00,
Stockroom,,ELECTRO-MEC INC.,A5-5996,MOTOR SCRUBBER FAN,0,1,$0.0,$0.00,
Stockroom,,ELECTRO-MEC INC.,1514,MOTOR ELECTIC 20HP,0,1,$0.0,$0.00,
Stockroom,,GLOBE ELECTRIC CO. INC.,05.5017120003.0001.0001.0,MOTOR GEAR,0,1,$0.0,$0.00,
Stockroom,,VANTON,MR1654,,0,1,$0.0,$0.00,
Stockroom,,ELECT,MR1794,,0,1,$0.0,$0.00,
Stockroom,,SYSTECH,MS1441,,0,1,$0.0,$0.00,
Stockroom,,SYSTECH,MS1721,,0,1,$0.0,$0.00,
Stockroom,,ALARE,N1480,,0,1,$0.0,$0.00,
Stockroom,,ALARE,N1675,,0,1,$0.0,$0.00,
Stockroom,,FEMCO MACHINE,1110,O1110,0,1,$0.0,$0.00,
Stockroom,,GLOBE ELECTRIC CO. INC.,7714907-01,MOTOR GEAR,0,1,$0.0,$0.00,
Stockroom,,HANNON ELECTRIC,X21-A2254,HEATER BAR ALUMINUM,0,1,$0.0,$0.00,
Stockroom,,SCHAEDLER YESCO,77135-166-51,***OBS***CLIP MOUNTING KIT,0,1,$0.0,$0.00,
Stockroom,,SCHAEDLER YESCO,1784PKTX,***OBS***PLC CARD COMM,0,1,$0.0,$0.00,
Stockroom,,ERIE BEARINGS COMPANY,1106,***OBSOLETE***,0,1,$0.0,$0.00,
Stockroom,,ERIE BEARINGS COMPANY,210-VX710,***OBS***BELT COG POWER WEDGE,0,1,$0.0,$0.00,
Stockroom,,GLOBE ELECTRIC CO. INC.,8260796,***OBS***SERVO DRIVE MOVITRAC,0,1,$0.0,$0.00,
Stockroom,,GLOBE ELECTRIC CO. INC.,8263337,***OBS***SERVO DRIVE MOVITRAC,0,1,$0.0,$0.00,
Stockroom,,GLOBE ELECTRIC CO. INC.,8263345,***OBS***SERVO DRIVE MOVIDYN,0,1,$0.0,$0.00,
Stockroom,,SEW EURODRIVE,31C014-503-4-00,***OBS***SERVO DRIVE MOVITRAC,0,1,$0.0,$0.00,
Stockroom,,SEW EURODRIVE,MVAR1-U-MPB51A-011-503-,***OBS***SUPPLY POWER MOVIDYN,0,1,$0.0,$0.00,
Stockroom,,SEWEUR,SEW EURODRIVE,OBS1189,0,1,$0.0,$0.00,
Stockroom,,SEWEUR,SEW EURODRIVE,OBS1190,0,1,$0.0,$0.00,
Stockroom,,GLOBE,GLOBE ELECTRIC CO. INC.,OBS1204,0,1,$0.0,$0.00,
Stockroom,,CLAYT,CLAYTON ENGINEERING,OBS1218,0,1,$0.0,$0.00,
Stockroom,,IFMEFEC,IFM EFECTOR,OBS1229,0,1,$0.0,$0.00,
Stockroom,,IFMEFEC,IFM EFECTOR,OBS1230,0,1,$0.0,$0.00,
Stockroom,,IFMEFEC,IFM EFECTOR,OBS1231,0,1,$0.0,$0.00,
Stockroom,,IFMEFEC,IFM EFECTOR,OBS1232,0,1,$0.0,$0.00,
Stockroom,,ERIEB,ERIE BEARINGS COMPANY,OBS1279,0,1,$0.0,$0.00,
Stockroom,,CLAYT,CLAYTON ENGINEERING,OBS1307,0,1,$0.0,$0.00,
Stockroom,,OMEGA,OMEGA ENGINEERING,OBS1486,0,1,$0.0,$0.00,
Stockroom,,MCKEE,MCKEE STEWART,OBS1643,0,1,$0.0,$0.00,
Stockroom,,MCMAS,MCMASTER-CARR SUPPLY CO.,OBS1659,0,1,$0.0,$0.00,
Stockroom,,FANUC ROBOTICS NORTH AMERICA,A660-4003-T955,***OBS***CABLE K203,0,1,$0.0,$0.00,
Stockroom,,FANUC ROBOTICS NORTH AMERICA,A660-4003-T954,***OBS***CABLE K201,0,1,$0.0,$0.00,
Stockroom,,FANUC ROBOTICS NORTH AMERICA,A660-8013-T546,***OBS***CABLE K202,0,1,$0.0,$0.00,
Stockroom,,FANUC ROBOTICS NORTH AMERICA,A660-4003-T957,***OBS***CABLE K205,0,1,$0.0,$0.00,
Stockroom,,GLOBE ELECTRIC CO. INC.,1683,***OBS***MOTOR,0,1,$0.0,$0.00,
Stockroom,,TAZGO MACHINE INC.,1690,***OBS***YOKE MUELLER WHEEL,0,1,$0.0,$0.00,
Stockroom,,GLOBE ELECTRIC CO. INC.,1696,***OBS***MOVITRAC - B,0,1,$0.0,$0.00,
Stockroom,,GLOBE ELECTRIC CO. INC.,1706,***OBS***MOVTRIAC 31C,0,1,$0.0,$0.00,
Stockroom,,SCHAEDLER YESCO,1723,***OBS***EMERGENCY STOP,0,1,$0.0,$0.00,
Stockroom,,IFM EFECTOR,1768,***OBS***PHOTOELECTRIC SENSOR,0,1,$0.0,$0.00,
Stockroom,,IFM EFECTOR,1769,***OBS***PHOTOELECTRIC SENSOR,0,1,$0.0,$0.00,
Stockroom,,THE HITE COMPANY,999123/95001,BINDICATOR,0,1,$0.0,$0.00,
Stockroom,,GLOBE ELECTRIC CO. INC.,GPP7453,MOTOR BALDOR,0,1,$0.0,$0.00,
Stockroom,,GLOBE ELECTRIC CO. INC.,GPP7454,MOTOR BALDOR,0,1,$0.0,$0.00,
Stockroom,,ACCENT CONTROLS SYSTEMS,S662CD-HF,PROBE PH,0,1,$0.0,$0.00,
Stockroom,,ALAR ENGINEERING,8111-231,FILTER CLOTH,0,1,$0.0,$0.00,
Stockroom,,ACCENT CONTROLS SYSTEMS,FC669,FITTING GLAND,0,1,$0.0,$0.00,
Stockroom,,ALAR ENGINEERING,1680,DIATOMACEOUS EARTH,0,1,$0.0,$0.00,
Stockroom,,IFM EFECTOR,1684,CABLE ASSEMBLY,0,1,$0.0,$0.00,
Stockroom,,ERIE BEARINGS COMPANY,210-3VX900,BELT 3VX900,0,1,$0.0,$0.00,
Stockroom,,CONVIBER BELTS,1642,BELT CONVEYOR PARK SAW 42&#34;,0,1,$0.0,$0.00,
Stockroom,,BDI,1642C,BELT CHIORINO,0,1,$0.0,$0.00,
Stockroom,,ERIE BEARINGS COMPANY,1681,BELT DRIVE POWER PARK SAW,0,1,$0.0,$0.00,
Stockroom,,BDI,1756,MOTOR ASSEMBLY,0,1,$0.0,$0.00,
Stockroom,,ERIE BEARINGS COMPANY,SK3329140,CONDITIONER AIR,0,1,$0.0,$0.00,
Stockroom,,CERIC USA,2SPA11+11D10N,PUMP GEAR DOUBLE,0,1,$0.0,$0.00,
Stockroom,,GLOBE ELECTRIC CO. INC.,821686X,RESISTOR BRAKE,0,1,$0.0,$0.00,
Stockroom,,SEW EURODRIVE,MVAR1-U-BW815-15,RESISTOR BRAKE,0,1,$0.0,$0.00,
Stockroom,,ERIE BEARINGS COMPANY,1783,VOLTAGE REGULATOR,0,1,$0.0,$0.00,
Stockroom,,GLOBE ELECTRIC CO. INC.,870262054,MOTOR GEAR,0,1,$0.0,$0.00,
Stockroom,,GLOBE ELECTRIC CO. INC.,890221009,MOTOR GEAR,0,1,$0.0,$0.00,
Stockroom,,GLOBE ELECTRIC CO. INC.,890251179,MOTOR GEAR,0,1,$0.0,$0.00,
Stockroom,,GLOBE ELECTRIC CO. INC.,890252432,MOTOR GEAR,0,1,$0.0,$0.00,
Stockroom,,GLOBE ELECTRIC CO. INC.,890284605,MOTOR GEAR,0,1,$0.0,$0.00,
Stockroom,,GLOBE ELECTRIC CO. INC.,890284615,MOTOR GEAR,0,1,$0.0,$0.00,
Stockroom,,GLOBE ELECTRIC CO. INC.,1719,MOTOR GEAR,0,1,$0.0,$0.00,
Stockroom,,GLOBE ELECTRIC CO. INC.,890177865.06.06.001,MOTOR GEAR,0,1,$0.0,$0.00,
Stockroom,,GLOBE ELECTRIC CO. INC.,880177867.06.06.001,MOTOR GEAR,0,1,$0.0,$0.00,
Stockroom,,GLOBE ELECTRIC CO. INC.,890189528,MOTOR,0,1,$0.0,$0.00,
Stockroom,,GLOBE ELECTRIC CO. INC.,890191836,MOTOR GEAR,0,1,$0.0,$0.00,
Stockroom,,GLOBE ELECTRIC CO. INC.,870196540,MOTOR GEAR,0,1,$0.0,$0.00,
Stockroom,,GLOBE ELECTRIC CO. INC.,890252436,MOTOR GEAR,0,1,$0.0,$0.00,
Stockroom,,GLOBE ELECTRIC CO. INC.,890252429,MOTOR GEAR,0,1,$0.0,$0.00,
Stockroom,,GLOBE ELECTRIC CO. INC.,890252425,MOTOR GEAR,0,1,$0.0,$0.00,
Stockroom,,GLOBE ELECTRIC CO. INC.,890271284,MOTOR GEAR,0,1,$0.0,$0.00,
Stockroom,,GLOBE ELECTRIC CO. INC.,890060080,MOTOR GEAR,0,1,$0.0,$0.00,
Stockroom,,GLOBE ELECTRIC CO. INC.,1720,MOTOR GEAR,0,1,$0.0,$0.00,
Stockroom,,PENN BEARING &amp; SUPPLY,1353,GEARMOTOR,0,1,$0.0,$0.00,
Stockroom,,GLOBE ELECTRIC CO. INC.,870262052,MOTOR GEAR,0,1,$0.0,$0.00,
Stockroom,,GLOBE ELECTRIC CO. INC.,890163051,MOTOR,0,1,$0.0,$0.00,
Stockroom,,GLOBE ELECTRIC CO. INC.,05.5117263211.0001.02,MOTOR,0,1,$0.0,$0.00,
Stockroom,,GLOBE ELECTRIC CO. INC.,890196536,MOTOR,0,1,$0.0,$0.00,
Stockroom,,GLOBE ELECTRIC CO. INC.,870260626,MOTOR GEAR,0,1,$0.0,$0.00,
Stockroom,,GLOBE ELECTRIC CO. INC.,870260627,MOTOR GEAR,0,1,$0.0,$0.00,
Stockroom,,GLOBE ELECTRIC CO. INC.,890060082,GEARBOX,0,1,$0.0,$0.00,
Stockroom,,GLOBE ELECTRIC CO. INC.,890060074,GEARBOX,0,1,$0.0,$0.00,
Stockroom,,GLOBE ELECTRIC CO. INC.,890060072,GEARBOX,0,1,$0.0,$0.00,
Stockroom,,GLOBE ELECTRIC CO. INC.,820604X,RESISTOR BRAKE,0,1,$0.0,$0.00,
Stockroom,,GLOBE ELECTRIC CO. INC.,8207135,RESISTOR BRAKE,0,1,$0.0,$0.00,
Stockroom,,GLOBE ELECTRIC CO. INC.,8216851,RESISTOR BRAKE,0,1,$0.0,$0.00,
Stockroom,,GLOBE ELECTRIC CO. INC.,8260133,CHOKE LINE,0,1,$0.0,$0.00,
Stockroom,,SEW EURODRIVE,MVAR1-U-EF220-503,EMV MODULE,0,1,$0.0,$0.00,
Stockroom,,SEW EURODRIVE,MVAR1-U-BW200-005,RESISTOR BRAKE,0,1,$0.0,$0.00,
Stockroom,,SEW EURODRIVE,MVAR1-U-CEM-EF014-503,MODULE EMV,0,1,$0.0,$0.00,
Stockroom,,SEW EURODRIVE,MVAR1-U-DKF09,SINK HEAT,0,1,$0.0,$0.00,
Stockroom,,SEW EURODRIVE,MVAR1-U-ND020-013,CHOKE LINE,0,1,$0.0,$0.00,
Stockroom,,SEW EURODRIVE,MVAR1-U-NF025-503-25A,FILTER LINE,0,1,$0.0,$0.00,
Stockroom,,SEW EURODRIVE,MVAR1-U-NF050-503-50A,FILTER LINE,0,1,$0.0,$0.00,
Stockroom,,SEW EURODRIVE,MVAR1-U-BW068-004,RESISTOR BRAKE,0,1,$0.0,$0.00,
Stockroom,,SEW EURODRIVE,MVAR1-U-BW100-003,RESISTOR BRAKE,0,1,$0.0,$0.00,
Stockroom,,SEW EURODRIVE,MVAR1-U-BW100-006,RESISTOR BRAKE,0,1,$0.0,$0.00,
Stockroom,,SEW EURODRIVE,MVAR1-U-CEM-EF030-503,MODULE EMV,0,1,$0.0,$0.00,
Stockroom,,SEW EURODRIVE,MVAR1-U-DKF05,SINK HEAT,0,1,$0.0,$0.00,
Stockroom,,SEW EURODRIVE,MVAR1-U-DKS09,SINK HEAT,0,1,$0.0,$0.00,
Stockroom,,SEW EURODRIVE,MVAR1-U-ND085-013,CHOKE LINE,0,1,$0.0,$0.00,
Stockroom,,SEW EURODRIVE,MVAR1-U-NF080-503,FILTER LINE,0,1,$0.0,$0.00,
Stockroom,,SEW EURODRIVE,MVAR1-U-DKF07,SINK HEAT,0,1,$0.0,$0.00,
Stockroom,,SEW EURODRIVE,MVAR1-U-BW018-015,RESISTOR BRAKE,0,1,$0.0,$0.00,
Stockroom,,GLOBE ELECTRIC CO. INC.,DFT100BMG,ASS'Y BRAKE,0,1,$0.0,$0.00,
Stockroom,,GLOBE ELECTRIC CO. INC.,MVAR1-U-CEM-EF075,MODULE EMV,0,1,$0.0,$0.00,
Stockroom,,GLOBE ELECTRIC CO. INC.,8262675,RESISTOR BRAKE,0,1,$0.0,$0.00,
Stockroom,,CLAYTON ENGINEERING,8253854,MODULE BRAKE,0,1,$0.0,$0.00,
Stockroom,,CLAYTON ENGINEERING,8253870,MODULE BRAKE,0,1,$0.0,$0.00,
Stockroom,,GLOBE ELECTRIC CO. INC.,8234825,KEYPAD MOVITRAC,0,1,$0.0,$0.00,
Stockroom,,GLOBE ELECTRIC CO. INC.,890284607,MOTOR GEAR,0,1,$0.0,$0.00,
Stockroom,,GLOBE ELECTRIC CO. INC.,890006270,MOTOR GEAR,0,1,$0.0,$0.00,
Stockroom,,BDI,1713,FAN MOTOR - ELECT. CABINETS,0,1,$0.0,$0.00,
Stockroom,,GLOBE ELECTRIC CO. INC.,870261966,MOTOR GEAR,0,1,$0.0,$0.00,
Stockroom,,GLOBE ELECTRIC CO. INC.,870261864,MOTOR GEAR,0,1,$0.0,$0.00,
Stockroom,,GLOBE ELECTRIC CO. INC.,870261873,MOTOR GEAR,0,1,$0.0,$0.00,
Stockroom,,GLOBE ELECTRIC CO. INC.,870261881,MOTOR GEAR,0,1,$0.0,$0.00,
Stockroom,,GLOBE ELECTRIC CO. INC.,870261960,MOTOR GEAR,0,1,$0.0,$0.00,
Stockroom,,GLOBE ELECTRIC CO. INC.,870261968,MOTOR GEAR,0,1,$0.0,$0.00,
Stockroom,,GLOBE ELECTRIC CO. INC.,870262036,MOTOR GEAR,0,1,$0.0,$0.00,
Stockroom,,GLOBE ELECTRIC CO. INC.,870262042,MOTOR GEAR,0,1,$0.0,$0.00,
Stockroom,,GLOBE ELECTRIC CO. INC.,870267843,MOTOR GEAR,0,1,$0.0,$0.00,
Stockroom,,GLOBE ELECTRIC CO. INC.,870262061,MOTOR GEAR,0,1,$0.0,$0.00,
Stockroom,,GLOBE ELECTRIC CO. INC.,870262064,MOTOR GEAR,0,1,$0.0,$0.00,
Stockroom,,GLOBE ELECTRIC CO. INC.,870267832,MOTOR GEAR,0,1,$0.0,$0.00,
Stockroom,,GLOBE ELECTRIC CO. INC.,890230000,MOTOR GEAR,0,1,$0.0,$0.00,
Stockroom,,GLOBE ELECTRIC CO. INC.,890261826,MOTOR GEAR,0,1,$0.0,$0.00,
Stockroom,,GLOBE ELECTRIC CO. INC.,890165434,MOTOR GEAR,0,1,$0.0,$0.00,
Stockroom,,GLOBE ELECTRIC CO. INC.,850180282,MOTOR GEAR,0,1,$0.0,$0.00,
Stockroom,,GLOBE ELECTRIC CO. INC.,890177858.06.06.001,MOTOR GEAR,0,1,$0.0,$0.00,
Stockroom,,GLOBE ELECTRIC CO. INC.,890191835,MOTOR GEAR,0,1,$0.0,$0.00,
Stockroom,,GLOBE ELECTRIC CO. INC.,890251181,MOTOR GEAR,0,1,$0.0,$0.00,
Stockroom,,GLOBE ELECTRIC CO. INC.,870260502,MOTOR GEAR,0,1,$0.0,$0.00,
Stockroom,,GLOBE ELECTRIC CO. INC.,870260613,MOTOR GEAR,0,1,$0.0,$0.00,
Stockroom,,GLOBE ELECTRIC CO. INC.,870260451,MOTOR GEAR,0,1,$0.0,$0.00,
Stockroom,,GLOBE ELECTRIC CO. INC.,870260448,MOTOR GEAR,0,1,$0.0,$0.00,
Stockroom,,GLOBE ELECTRIC CO. INC.,890006267,MOTOR GEAR,0,1,$0.0,$0.00,
Stockroom,,GLOBE ELECTRIC CO. INC.,890033563,MOTOR GEAR,0,1,$0.0,$0.00,
Stockroom,,GLOBE ELECTRIC CO. INC.,870262037,MOTOR GEAR,0,1,$0.0,$0.00,
Stockroom,,GLOBE ELECTRIC CO. INC.,890222948,MOTOR GEAR,0,1,$0.0,$0.00,
Stockroom,,GLOBE ELECTRIC CO. INC.,870261860,MOTOR GEAR,0,1,$0.0,$0.00,
Stockroom,,GLOBE ELECTRIC CO. INC.,870261885,MOTOR GEAR,0,1,$0.0,$0.00,
Stockroom,,GLOBE ELECTRIC CO. INC.,870261895,MOTOR GEAR,0,1,$0.0,$0.00,
Stockroom,,GLOBE ELECTRIC CO. INC.,870261956,MOTOR GEAR,0,1,$0.0,$0.00,
Stockroom,,GLOBE ELECTRIC CO. INC.,870262038,MOTOR GEAR,0,1,$0.0,$0.00,
Stockroom,,GLOBE ELECTRIC CO. INC.,870262049,MOTOR GEAR,0,1,$0.0,$0.00,
Stockroom,,GLOBE ELECTRIC CO. INC.,870262050,MOTOR GEAR,0,1,$0.0,$0.00,
Stockroom,,GLOBE ELECTRIC CO. INC.,890261857,MOTOR GEAR,0,1,$0.0,$0.00,
Stockroom,,GLOBE ELECTRIC CO. INC.,890261838,MOTOR GEAR,0,1,$0.0,$0.00,
Stockroom,,GLOBE ELECTRIC CO. INC.,890189456,MOTOR,0,1,$0.0,$0.00,
Stockroom,,GLOBE ELECTRIC CO. INC.,890189527,MOTOR,0,1,$0.0,$0.00,
Stockroom,,GLOBE ELECTRIC CO. INC.,890189530,MOTOR,0,1,$0.0,$0.00,
Stockroom,,GLOBE ELECTRIC CO. INC.,870198503,MOTOR GEAR,0,1,$0.0,$0.00,
Stockroom,,GLOBE ELECTRIC CO. INC.,05.53158021645.0001.02,MOTOR GEAR,0,1,$0.0,$0.00,
Stockroom,,GLOBE ELECTRIC CO. INC.,05.5016963602.0001.0001.0,MOTOR GEAR,0,1,$0.0,$0.00,
Stockroom,,GLOBE ELECTRIC CO. INC.,05.5017120002.0001.0001.0,MOTOR GEAR,0,1,$0.0,$0.00,
Stockroom,,GLOBE ELECTRIC CO. INC.,870251864,MOTOR GEAR,0,1,$0.0,$0.00,
Stockroom,,GLOBE ELECTRIC CO. INC.,890251184,MOTOR GEAR,0,1,$0.0,$0.00,
Stockroom,,GLOBE ELECTRIC CO. INC.,890251185,MOTOR GEAR,0,1,$0.0,$0.00,
Stockroom,,GLOBE ELECTRIC CO. INC.,890251186,MOTOR GEAR,0,1,$0.0,$0.00,
Stockroom,,GLOBE ELECTRIC CO. INC.,890252439,MOTOR GEAR,0,1,$0.0,$0.00,
Stockroom,,GLOBE ELECTRIC CO. INC.,890252423,MOTOR GEAR,0,1,$0.0,$0.00,
Stockroom,,GLOBE ELECTRIC CO. INC.,870260449,MOTOR GEAR,0,1,$0.0,$0.00,
Stockroom,,GLOBE ELECTRIC CO. INC.,01.3073863302.0001.02,MOTOR GEAR,0,1,$0.0,$0.00,
Stockroom,,SEW EURODRIVE,DT80N4,MOTOR,0,1,$0.0,$0.00,
Stockroom,,GLOBE ELECTRIC CO. INC.,870262068,MOTOR GEAR,0,1,$0.0,$0.00,
Stockroom,,GLOBE ELECTRIC CO. INC.,05.5116881401.0002.02,MOTOR GEAR,0,1,$0.0,$0.00,
Stockroom,,GLOBE ELECTRIC CO. INC.,890177860.06.06.001,MOTOR GEAR,0,1,$0.0,$0.00,
Stockroom,,GLOBE ELECTRIC CO. INC.,890196535,MOTOR,0,1,$0.0,$0.00,
Stockroom,,GLOBE ELECTRIC CO. INC.,890252435,MOTOR GEAR,0,1,$0.0,$0.00,
Stockroom,,GLOBE ELECTRIC CO. INC.,890252421,MOTOR GEAR,0,1,$0.0,$0.00,
Stockroom,,GLOBE ELECTRIC CO. INC.,890252420,MOTOR GEAR,0,1,$0.0,$0.00,
Stockroom,,GLOBE ELECTRIC CO. INC.,870260512,MOTOR GEAR,0,1,$0.0,$0.00,
Stockroom,,GLOBE ELECTRIC CO. INC.,870260506,MOTOR GEAR,0,1,$0.0,$0.00,
Stockroom,,GLOBE ELECTRIC CO. INC.,870260509,MOTOR GEAR,0,1,$0.0,$0.00,
Stockroom,,GLOBE ELECTRIC CO. INC.,870260615,MOTOR GEAR,0,1,$0.0,$0.00,
Stockroom,,GLOBE ELECTRIC CO. INC.,870260622,MOTOR GEAR,0,1,$0.0,$0.00,
Stockroom,,GLOBE ELECTRIC CO. INC.,870260452,MOTOR GEAR,0,1,$0.0,$0.00,
Stockroom,,GLOBE ELECTRIC CO. INC.,870260457,MOTOR GEAR,0,1,$0.0,$0.00,
Stockroom,,GLOBE ELECTRIC CO. INC.,870260454,MOTOR GEAR,0,1,$0.0,$0.00,
Stockroom,,GLOBE ELECTRIC CO. INC.,890060078,MOTOR GEAR,0,1,$0.0,$0.00,
Stockroom,,GLOBE ELECTRIC CO. INC.,890060077,MOTOR GEAR,0,1,$0.0,$0.00,
Stockroom,,GLOBE ELECTRIC CO. INC.,CBN-3012-S-B3-9-MT-143T-,MOTOR GEAR,0,1,$0.0,$0.00,
Stockroom,,GLOBE ELECTRIC CO. INC.,870260513,MOTOR GEAR,0,1,$0.0,$0.00,
Stockroom,,GLOBE ELECTRIC CO. INC.,870260510,MOTOR GEAR,0,1,$0.0,$0.00,
Stockroom,,GLOBE ELECTRIC CO. INC.,870260455,MOTOR GEAR,0,1,$0.0,$0.00,
Stockroom,,GLOBE ELECTRIC CO. INC.,890271289,MOTOR GEAR,0,1,$0.0,$0.00,
Stockroom,,GLOBE ELECTRIC CO. INC.,890271287,MOTOR GEAR,0,1,$0.0,$0.00,
Stockroom,,GLOBE ELECTRIC CO. INC.,890270955,MOTOR GEAR,0,1,$0.0,$0.00,
Stockroom,,GLOBE ELECTRIC CO. INC.,890284621,MOTOR GEAR,0,1,$0.0,$0.00,
Stockroom,,GLOBE ELECTRIC CO. INC.,8263108,SERVO DRIVE MOVITRAC,0,1,$0.0,$0.00,
Stockroom,,SEW EURODRIVE,31C055-503-4-00,SERVO DRIVE MOVITRAC,0,1,$0.0,$0.00,
Stockroom,,SEW EURODRIVE,31C110-503-4-00,SERVO DRIVE MOVITRAC,0,1,$0.0,$0.00,
Stockroom,,SEW EURODRIVE,31C150-503-4-00,SERVO DRIVE MOVITRAC,0,1,$0.0,$0.00,
Stockroom,,ERIE BEARINGS COMPANY,1741,UPS POWER SUPPLY,0,1,$0.0,$0.00,
Stockroom,,GLOBE ELECTRIC CO. INC.,8263329,SERVO DRIVE MOVITRAC,0,1,$0.0,$0.00,
Stockroom,,SEW EURODRIVE,31C 005-503-4-00,SERVO DRIVE MOVITRAC,0,1,$0.0,$0.00,
Stockroom,,THE HITE COMPANY,785901-32761,DRIVE 50 HP,0,1,$0.0,$0.00,
Stockroom,,THE HITE COMPANY,ATV58HD33N4-XZU-X,DRIVE 30 HP,0,1,$0.0,$0.00,
Stockroom,,SCHAEDLER YESCO,20BD125A3AYNANB0,DRIVE POWERFLEX 125A 100HP,0,1,$0.0,$0.00,
Stockroom,,GLOBE ELECTRIC CO. INC.,IFSA894010R7000,SOFTSTART ABB,0,1,$0.0,$0.00,
Stockroom,,GLOBE ELECTRIC CO. INC.,1682,SERVO DRIVE MOVITRAC B,0,1,$0.0,$0.00,
Stockroom,,GLOBE ELECTRIC CO. INC.,1688,SERVO DRIVE MOVITRAC,0,1,$0.0,$0.00,
Stockroom,,GLOBE ELECTRIC CO. INC.,1704,MOVITRAC B,0,1,$0.0,$0.00,
Stockroom,,GLOBE ELECTRIC CO. INC.,1705,MOVITRAC B,0,1,$0.0,$0.00,
Stockroom,,THE HITE COMPANY,ZH2001,DRIVE 50 HP,0,1,$0.0,$0.00,
Stockroom,,THE HITE COMPANY,ZH2002,DRIVE ALTIVAR,0,1,$0.0,$0.00,
Stockroom,,GLOBE ELECTRIC CO. INC.,8260761,SUPPLY POWER MOVIDYN,0,1,$0.0,$0.00,
Stockroom,,SEW EURODRIVE,MVAR1-U-MPB51A-027-503-,SUPPLY POWER MOVIDYN,0,1,$0.0,$0.00,
Stockroom,,SEW EURODRIVE,API12 MVAR-U-API2,BOARD POSITION CONTROL,0,1,$0.0,$0.00,
Stockroom,,SCHAEDLER YESCO,22A-D4P0N104,DRIVE POWERFLEX 2HP,0,1,$0.0,$0.00,
Stockroom,,FANUC ROBOTICS NORTH AMERICA,A06B-6100-H001,AMPLIFIER SERVO 6 AXIS,0,1,$0.0,$0.00,
Stockroom,,FANUC ROBOTICS NORTH AMERICA,XGMF-11753,MOTOR FANUC,0,1,$0.0,$0.00,
Stockroom,,FANUC ROBOTICS NORTH AMERICA,A06B-0162-B175,MOTOR FANUC,0,1,$0.0,$0.00,
Stockroom,,FANUC ROBOTICS NORTH AMERICA,A97L-0218-0266#450E-257,REDUCER RV FANUC,0,1,$0.0,$0.00,
Stockroom,,FANUC ROBOTICS NORTH AMERICA,A80L-0028-0016,TRANSFORMER POWER,0,1,$0.0,$0.00,
Stockroom,,SCHAEDLER YESCO,AB22A-D8P7N104,DRIVE POWERFLEX 5HP,0,1,$0.0,$0.00,
Stockroom,,SCHAEDLER YESCO,AB22B-D017N104,DRIVE POWERFLEX 10HP,0,1,$0.0,$0.00,
Stockroom,,BDI,1665,REGULATOR FISHER 2 INCH,0,1,$0.0,$0.00,
Stockroom,,GLOBE ELECTRIC CO. INC.,1703,MOVITRAC B,0,1,$0.0,$0.00,
Stockroom,,THE HITE COMPANY,ZI2005,DRIVE POWERFLEX,0,1,$0.0,$0.00,
Stockroom,,GLOBE ELECTRIC CO. INC.,8260710,SERVO DRIVE MOVIDYN,0,1,$0.0,$0.00,
Stockroom,,GLOBE ELECTRIC CO. INC.,8260729,SERVO DRIVE MOVIDYN,0,1,$0.0,$0.00,
Stockroom,,GLOBE ELECTRIC CO. INC.,8260729,SERVO DRIVE MOVIDYN,0,1,$0.0,$0.00,
Stockroom,,GLOBE ELECTRIC CO. INC.,MVAR1-U-MAS51A-005-503-,SERVO DRIVE MOVIDYN,0,1,$0.0,$0.00,
Stockroom,,SEW EURODRIVE,MVAR1-U-MAS51A-010-503-,SERVO DRIVE MOVIDYN,0,1,$0.0,$0.00,
Stockroom,,SEW EURODRIVE,8260737,SERVO DRIVE MOVIDYN,0,1,$0.0,$0.00,
Stockroom,,SEW EURODRIVE,8260737,SERVO DRIVE MOVIDYN,0,1,$0.0,$0.00,
Stockroom,,CERIC USA,1227,SPRING LEAF,0,1,$0.0,$0.00,
Stockroom,,GLOBE ELECTRIC CO. INC.,890284618,MOTOR GEAR,0,1,$0.0,$0.00,
Stockroom,,GLOBE ELECTRIC CO. INC.,890033561,MOTOR GEAR,0,1,$0.0,$0.00,
Stockroom,,GLOBE ELECTRIC CO. INC.,890060067,MOTOR GEAR,0,1,$0.0,$0.00,
Stockroom,,TRANSMISSION &amp; BEARINGS,C60 FLAT,CHAIN #60 FLAT SIDE,0,1,$0.0,$0.00,
Stockroom,,W.S. TYLER,1581,CHAIN 08B-2 &#160;- &#160;H87 MFG.,0,1,$0.0,$0.00,
Stockroom,,ERIE BEARINGS COMPANY,1671,BELT CONVEYOR SLUG RECEIVING,0,1,$0.0,$0.00,
Stockroom,,ERIE BEARINGS COMPANY,1355,BEARING NON DRIVE,0,1,$0.0,$0.00,
Stockroom,,ERIE BEARINGS COMPANY,1356,BEARING DRIVE END,0,1,$0.0,$0.00,
Stockroom,,ERIE BEARINGS COMPANY,KWE20G4V1,BEARING LINEAR KWE 20,0,1,$0.0,$0.00,
Stockroom,,ERIE BEARINGS COMPANY,KWE 25 H G4-V1,BEARING LINEAR KWE 25 H G4-V1,0,1,$0.0,$0.00,
Stockroom,,ERIE BEARINGS COMPANY,KWE 25 G4-V1,BEARING LINEAR KWE 25 G4-V1,0,1,$0.0,$0.00,
Stockroom,,ERIE BEARINGS COMPANY,KWE 25 G3-V1,BEARING LINEAR KWE 25 G3-V1,0,1,$0.0,$0.00,
Stockroom,,ERIE BEARINGS COMPANY,KWSE 35 G3-V1,BEARING LINEAR KWSE 35 G3-V1,0,1,$0.0,$0.00,
Stockroom,,ERIE BEARINGS COMPANY,KWE 15 H G2-V1,BEARING LINEAR KWE 15 H G2-V1,0,1,$0.0,$0.00,
Stockroom,,ERIE BEARINGS COMPANY,KWVE 45 L G3-V1,BEARING LINEAR KWVE45 L G3-V1,0,1,$0.0,$0.00,
Stockroom,,ERIE BEARINGS COMPANY,KWE 35 L G3-V1,BEARING LINEAR KWE 35 L G3-V1,0,1,$0.0,$0.00,
Stockroom,,ERIE BEARINGS COMPANY,KWVE 35 L G3-V1,BEARING LINEAR KWVE35 L G3-V1,0,1,$0.0,$0.00,
Stockroom,,CERIC USA,1503,BEARING LINEAR FST3030,0,1,$0.0,$0.00,
Stockroom,,ERIE BEARINGS COMPANY,1672,BELT CONVEYOR SLUG DOUBLER C,0,1,$0.0,$0.00,
Stockroom,,ERIE BEARINGS COMPANY,1715,FLANGE BEARING,0,1,$0.0,$0.00,
Stockroom,,BDI,1716,AXIAL BEARING,0,1,$0.0,$0.00,
Stockroom,,BDI,1814,FIXED BEARING,0,1,$0.0,$0.00,
Stockroom,,BDI,1831,LINEAR BEARING,0,1,$0.0,$0.00,
Stockroom,,BDI,1832,LINEAR BEARING,0,1,$0.0,$0.00,
Stockroom,,BDI,1833,LINEAR BEARING,0,1,$0.0,$0.00,
Stockroom,,BDI,1834,LINEAR BEARING,0,1,$0.0,$0.00,
Stockroom,,BDI,1835,LINEAR BEARING,0,1,$0.0,$0.00,
Stockroom,,ERIE BEARINGS COMPANY,160-PB22463FH,BEARING PILLOW BLOCK,0,1,$0.0,$0.00,
Stockroom,,ERIE BEARINGS COMPANY,160-PEB22463FH,BEARING PILLOW BLOCK,0,1,$0.0,$0.00,
Stockroom,,GRAINGER INC.,2777209,PENDANT CONTROL,0,1,$0.0,$0.00,
Stockroom,,SCHAEDLER YESCO,40440-300-51,KIT CONTACT SIZE 4,0,1,$0.0,$0.00,
Stockroom,,SCHAEDLER YESCO,40410-331-52,KIT CONTACT SIZE 1,0,1,$0.0,$0.00,
Stockroom,,SCHAEDLER YESCO,Z-34041,KIT CONTACT SIZE 4,0,1,$0.0,$0.00,
Stockroom,,SCHAEDLER YESCO,1698,AUXILIARY CONTACT,0,1,$0.0,$0.00,
packaging,,0,0,sprockets for C,0,0,$0.0,$0.00,
packaging,,0,0,sprockets for C,0,0,$0.0,$0.00,
packaging,,unknown,unknown,head drum for scrap belt,1,1,$0.0,$0.00,
packaging,,unknown,unknown,wear slides for F170 F171 slat chain,25,25,$0.0,$0.00,
packaging,,"000""",unknown,space slats for conveyor 171 170,54,54,$0.0,$0.00,
packaging,,unknown,unknown,Blue slide for F section walking beam,16,16,$0.0,$0.00,
packaging,,unknown,unknown,Hole assembly for G197 gripper rotator,1,1,$0.0,$0.00,
packaging,,0,unknown,walking beam F179,0,16,$0.0,$0.00,
packaging,,0,0,sprockets and bearings for C,0,0,$0.0,$0.00,
packaging,,unknown,unknown, plastic guide rails G191 inspection chain set,1,2,$0.0,$0.00,
packaging,,unknown,unknown,dehack paper rods,4,4,$0.0,$0.00,
packaging,,unknown,unknown,chain conveyor guides 3types steel 50-60# 550' ,50,50,$0.0,$0.00,
packaging,,unknown,unknown,extra broom sweeper front & rear,1,1,$0.0,$0.00,
packaging,,unknown,unknown,drive wheels main gantry dehack,4,4,$0.0,$0.00,
packaging,,23000,unknown,180' chain 171,170,180,$0.0,$0.00,
packaging,,unknown,unknown,safety guard dehack scrap belt,1,1,$0.0,$0.00,
packaging,,unknown,unknown,dbl rolex #100 chain,250,250,$0.0,$0.00,
packaging,,unknown,unknown,#40 roll chain,250,250,$0.0,$0.00,
packaging,,unknown,unknown,#60 chain roll,250,500,$0.0,$0.00,
packaging,,unknown,unknown,north & south main gantry forks,2,2,$0.0,$0.00,
packaging,,unknown,unknown,rollers for dehack scrap belts,14,7,$0.0,$0.00,
packaging,,unknown,unknown,fingers H206,1,1,$0.0,$0.00,
packaging,,0,0,gear bars H206,4,4,$0.0,$0.00,
packaging,,unknown,unknown,power rollers F section,2,2,$0.0,$0.00,
packaging,,unknown,unknown,Long 32,12,12,$0.0,$0.00,
packaging,,unknown,unknown,short 6,6,6,$0.0,$0.00,
packaging,,unknown,unknown,without gears 2,2,2,$0.0,$0.00,
packaging,,unknown,unknown,rollers for G198 paper feeder,6,6,$0.0,$0.00,
packaging,,unknown,unknown,wood storage racks,4,4,$0.0,$0.00,
packaging,,unknown,unknown,set of chain tensioner,3,3,$0.0,$0.00,
packaging,,unknown,unknown,paper cutter blades,4,4,$0.0,$0.00,
packaging,,unknown,unknown,G194 slides,0,16,$0.0,$0.00,
packaging,,unknown,unknown,drive wheels for H206,6,6,$0.0,$0.00,
packaging,,unknown,unknown,robot lifting table,1,1,$0.0,$0.00,
packaging,,unknown,unknown,55mm sprockets,6,6,$0.0,$0.00,
packaging,,unknown,unknown,guide bars for H206,7,7,$0.0,$0.00,
packaging,,unknown,unknown,f-section slides at walking,16,16,$0.0,$0.00,
packaging,,unknown,unknown,robot fingers,1,1,$0.0,$0.00,
packaging,,unknown,unknown,three types chain guides f/g section,3,3,$0.0,$0.00,
packaging,,unknown,unknown,fingers H206,1,1,$0.0,$0.00,
packaging,,unknown,unknown,shaft and sprockets for g190,0,1,$0.0,$0.00,
packaging,,unknown,unknown,shaft and sprockets 191,0,1,$0.0,$0.00,
packaging,,unknown,unknown,Head Pulley G196,0,1,$0.0,$0.00,
packaging,,0,0,spare grippers D129.D139,0,0,$0.0,$0.00,
packaging,,0,unknown,spare flipper/gripper F185/186,197,0,$0.0,$0.00,
packaging,,unknown,unknown,belt 196 vulcanize ,1,1,$0.0,$0.00,
manufacturing,robot heads ,UNKNOWN,UNKNOWN,frame section,0,2,$0.0,$0.00,
manufacturing,robot heads ,UNKNOWN,UNKNOWN,angle section for heads,0,4,$0.0,$0.00,
manufacturing,robot heads ,UNKNOWN,UNKNOWN,locking device,0,1,$0.0,$0.00,
manufacturing,robot heads ,UNKNOWN,UNKNOWN,center plates,0,2,$0.0,$0.00,
manufacturing,robot heads ,UNKNOWN,UNKNOWN,paddles for gripping,0,4,$0.0,$0.00,
manufacturing,robot heads ,UNKNOWN,UNKNOWN,linear bearings,0,20,$0.0,$0.00,
manufacturing,robot heads ,UNKNOWN,UNKNOWN,rails for linear bearings,0,4,$0.0,$0.00,
manufacturing,robot heads ,UNKNOWN,UNKNOWN,air cylinders for robot heads,0,2,$0.0,$0.00,
manufacturing,robot heads ,UNKNOWN,UNKNOWN,air valve/solenoid for robot head,0,2,$0.0,$0.00,
manufacturing,robot heads ,UNKNOWN,UNKNOWN,roller wheel bearings for h92,0,4,$0.0,$0.00,
manufacturing,cutter ,UNKNOWN,UNKNOWN,gear for frame,1,2,$0.0,$0.00,
manufacturing,cutter ,UNKNOWN,UNKNOWN,upper & lower pusher gears,0,2,$0.0,$0.00,
manufacturing,cutter ,UNKNOWN,UNKNOWN,linerar bearings for uppeer & lower pusher,0,2,$0.0,$0.00,
manufacturing,cutter ,UNKNOWN,UNKNOWN,linear bearings for table,0,2,$0.0,$0.00,
manufacturing,cutter ,UNKNOWN,UNKNOWN,rails for table,0,2,$0.0,$0.00,
manufacturing,cutter ,UNKNOWN,UNKNOWN,bar stop springs,0,6,$0.0,$0.00,
manufacturing,cutter ,UNKNOWN,UNKNOWN,belts under cutter,0,2,$0.0,$0.00,
manufacturing,cutter ,UNKNOWN,UNKNOWN,belts that feed cutter,0,2,$0.0,$0.00,
manufacturing,cutter ,UNKNOWN,UNKNOWN,scrap belt under cutter,0,2,$0.0,$0.00,
manufacturing,cutter ,UNKNOWN,UNKNOWN,lift table belts,2,3,$0.0,$0.00,
manufacturing,cutter ,UNKNOWN,UNKNOWN,lift table raising arm,0,2,$0.0,$0.00,
manufacturing,cutter ,UNKNOWN,UNKNOWN,lift table rod ends,10,10,$0.0,$0.00,
manufacturing,extruder ,UNKNOWN,UNKNOWN,feed augers,3,0,$0.0,$0.00,
manufacturing,extruder ,UNKNOWN,UNKNOWN,points,3,33,$0.0,$0.00,
manufacturing,extruder ,UNKNOWN,UNKNOWN,15 point,2,2,$0.0,$0.00,
manufacturing,extruder ,UNKNOWN,UNKNOWN,auger sections,12,12,$0.0,$0.00,
manufacturing,extruder ,UNKNOWN,UNKNOWN,starters,3,2,$0.0,$0.00,
manufacturing,extruder ,UNKNOWN,UNKNOWN,shredder knives,6,2,$0.0,$0.00,
manufacturing,extruder ,UNKNOWN,UNKNOWN,vacuum gages,1,3,$0.0,$0.00,
manufacturing,extruder ,UNKNOWN,UNKNOWN,water gage,0,3,$0.0,$0.00,
manufacturing,extruder ,UNKNOWN,UNKNOWN,check valve,0,3,$0.0,$0.00,
manufacturing,,UNKNOWN,UNKNOWN,,0,4,$0.0,$0.00,
manufacturing,,UNKNOWN,UNKNOWN,,0,4,$0.0,$0.00,
manufacturing,,UNKNOWN,UNKNOWN,,0,2,$0.0,$0.00,
manufacturing,,UNKNOWN,UNKNOWN,,0,2,$0.0,$0.00,
manufacturing,,UNKNOWN,UNKNOWN,,0,1,$0.0,$0.00,
manufacturing,,UNKNOWN,UNKNOWN,,0,1,$0.0,$0.00,
manufacturing,,UNKNOWN,UNKNOWN,,0,1,$0.0,$0.00,
manufacturing,,UNKNOWN,UNKNOWN,,0,3,$0.0,$0.00,
manufacturing,,UNKNOWN,UNKNOWN,,0,2,$0.0,$0.00,
manufacturing,,UNKNOWN,UNKNOWN,,0,8,$0.0,$0.00,
manufacturing,,UNKNOWN,UNKNOWN,,0,2,$0.0,$0.00,
manufacturing,,UNKNOWN,UNKNOWN,,0,2,$0.0,$0.00,
manufacturing,,UNKNOWN,UNKNOWN,,0,2,$0.0,$0.00,
manufacturing,,UNKNOWN,UNKNOWN,,0,2,$0.0,$0.00,
manufacturing,,UNKNOWN,UNKNOWN,,0,2,$0.0,$0.00,
manufacturing,,UNKNOWN,UNKNOWN,,0,2,$0.0,$0.00,
manufacturing,,UNKNOWN,UNKNOWN,,0,4,$0.0,$0.00,
manufacturing,crushing/grinding ,UNKNOWN,UNKNOWN,jaws for crushers sets,0,2,$0.0,$0.00,
manufacturing,crushing/grinding ,UNKNOWN,UNKNOWN,teeth for crusher roll set,0,1,$0.0,$0.00,
manufacturing,crushing/grinding ,UNKNOWN,UNKNOWN,1 belt for long belts,0,1,$0.0,$0.00,
manufacturing,crushing/grinding ,UNKNOWN,UNKNOWN,jeffery chain and sprocket for long belt,0,2,$0.0,$0.00,
manufacturing,crushing/grinding ,UNKNOWN,UNKNOWN,rollers for long belts and short belts,0,8,$0.0,$0.00,
manufacturing,crushing/grinding ,UNKNOWN,UNKNOWN,rubber rod for couplers on long belts & short,0,2,$0.0,$0.00,
manufacturing,crushing/grinding ,UNKNOWN,UNKNOWN,sprocket for long belt,0,2,$0.0,$0.00,
manufacturing,crushing/grinding ,UNKNOWN,UNKNOWN,drive belts for scalper,0,4,$0.0,$0.00,
manufacturing,crushing/grinding ,UNKNOWN,UNKNOWN,1 cross belt,0,1,$0.0,$0.00,
manufacturing,crushing/grinding ,UNKNOWN,UNKNOWN,rollers and bearings for cross belt,0,8,$0.0,$0.00,
manufacturing,crushing/grinding ,UNKNOWN,UNKNOWN,screens,0,18,$0.0,$0.00,
manufacturing,crushing/grinding ,UNKNOWN,UNKNOWN,heater bar parts,0,2,$0.0,$0.00,
manufacturing,crushing/grinding ,UNKNOWN,UNKNOWN,rubber gasket for under screens,0,4,$0.0,$0.00,
manufacturing,crushing/grinding ,UNKNOWN,UNKNOWN,set of segments for dry pans,0,2,$0.0,$0.00,
manufacturing,crushing/grinding ,UNKNOWN,UNKNOWN,set of plows for dry pan,0,1,$0.0,$0.00,
manufacturing,crushing/grinding ,UNKNOWN,UNKNOWN,packing for crown gear shaft roll,0,1,$0.0,$0.00,
manufacturing,crushing/grinding ,UNKNOWN,UNKNOWN,crown gear,0,1,$0.0,$0.00,
manufacturing,crushing/grinding ,UNKNOWN,UNKNOWN,step bearing,0,1,$0.0,$0.00,
manufacturing,crushing/grinding ,UNKNOWN,UNKNOWN,step bearing pump,0,1,$0.0,$0.00,
manufacturing,crushing/grinding ,UNKNOWN,UNKNOWN,feeder motor,0,1,$0.0,$0.00,
manufacturing,crushing/grinding ,UNKNOWN,UNKNOWN,feeder pump,0,1,$0.0,$0.00,
manufacturing,crushing/grinding ,UNKNOWN,UNKNOWN,wheel segments with  holders,0,16,$0.0,$0.00,
manufacturing,crushing/grinding ,UNKNOWN,UNKNOWN,augers for Hanley 1,0,1,$0.0,$0.00,
manufacturing,crushing/grinding ,UNKNOWN,UNKNOWN,auger for Hanley 2,0,1,$0.0,$0.00,
manufacturing,crushing/grinding ,UNKNOWN,UNKNOWN,augers for dry pan screens,0,2,$0.0,$0.00,
manufacturing,crushing/grinding ,UNKNOWN,UNKNOWN,belts for augers,0,6,$0.0,$0.00,
manufacturing,crushing/grinding ,UNKNOWN,UNKNOWN,motor and gear box for augers,0,2,$0.0,$0.00,
manufacturing,crushing/grinding ,UNKNOWN,UNKNOWN,belt for elevators,0,2,$0.0,$0.00,
manufacturing,crushing/grinding ,UNKNOWN,UNKNOWN,bearings for elevators,0,4,$0.0,$0.00,
manufacturing,crushing/grinding ,UNKNOWN,UNKNOWN,screen vibrator for dry pan,0,2,$0.0,$0.00,
manufacturing,crushing/grinding ,UNKNOWN,UNKNOWN,raymond mill bull ring,0,1,$0.0,$0.00,
manufacturing,crushing/grinding ,UNKNOWN,UNKNOWN,trunnions for raymind mill,0,4,$0.0,$0.00,
manufacturing,crushing/grinding ,UNKNOWN,UNKNOWN,plows for raymond mill,0,4,$0.0,$0.00,
manufacturing,crushing/grinding ,UNKNOWN,UNKNOWN,top hat for raymond mill,0,1,$0.0,$0.00,
manufacturing,crushing/grinding ,UNKNOWN,UNKNOWN,motor & gearbox for cyclone flappers,0,1,$0.0,$0.00,
manufacturing,crushing/grinding ,UNKNOWN,UNKNOWN,hammers and hammer mill,0,80,$0.0,$0.00,
manufacturing,crushing/grinding ,UNKNOWN,UNKNOWN,liners for hammer mill set,0,1,$0.0,$0.00,
manufacturing,crushing/grinding ,UNKNOWN,UNKNOWN,breaker bars for hammer mill,0,4,$0.0,$0.00,
manufacturing,crushing/grinding ,UNKNOWN,UNKNOWN,clam shells for hammer mill,0,4,$0.0,$0.00,
manufacturing,crushing/grinding ,UNKNOWN,UNKNOWN,rods for hammer mill,0,64,$0.0,$0.00,
manufacturing,crushing/grinding ,UNKNOWN,UNKNOWN,trampline belt for hammer mill,0,1,$0.0,$0.00,
manufacturing,crushing/grinding ,UNKNOWN,UNKNOWN,auger for screens on hammer mill,0,2,$0.0,$0.00,
manufacturing,crushing/grinding ,UNKNOWN,UNKNOWN,screens for hammer mill,0,14,$0.0,$0.00,
manufacturing,crushing/grinding ,UNKNOWN,UNKNOWN,side rubbers for screens,0,3,$0.0,$0.00,
manufacturing,crushing/grinding ,UNKNOWN,UNKNOWN,screen vibrators,0,2,$0.0,$0.00,
manufacturing,crushing/grinding ,UNKNOWN,UNKNOWN,screen heater parts,0,2,$0.0,$0.00,
Thin Brick,,,,Main Sump Pump,2,2,$0.0,$0.00,
Thin Brick,,,,Main Pump-,3,3,$0.0,$0.00,
Thin Brick,,,,Reclaim Pump,2,1,$0.0,$0.00,
Thin Brick,,,,Grinder Belts,6,5,$0.0,$0.00,
Thin Brick,corner saw,,,Shaft Assembly for Corner Saw,1,2,$0.0,$0.00,
Thin Brick,corner saw,,,Rebuild Kit for Corner Saw Shaft,2,1,$0.0,$0.00,
Thin Brick,,,,Belts for Corner Saw,2,2,$0.0,$0.00,
Thin Brick,,,,Saw Shafts,2,2,$0.0,$0.00,
Thin Brick,,,,Guides for Splitter,8,4,$0.0,$0.00,
Thin Brick,,,,Clips for Grinder,12,10,$0.0,$0.00,
Thin Brick,,,,Saw Main Belt,2,2,$0.0,$0.00,
Thin Brick,,,,Saw up and Down motor,2,2,$0.0,$0.00,
Thin Brick,,,,Grinder Motor,2,2,$0.0,$0.00,
Thin Brick,,,,Dryer Motors for temp.,2,2,$0.0,$0.00,
Thin Brick,,,,Splitter Flat Top Chain 20,2,1,$0.0,$0.00,
Thin Brick,,,,Grinder Wheels,4,3,$0.0,$0.00,
Thin Brick,,,,Saw Motors,2,2,$0.0,$0.00,
Thin Brick,,,,Orange pressure Wheels for grinder,250,64,$0.0,$0.00,
Thin Brick,,,GTV30909018,Big saw pressure plates  (3),3,3,$0.0,$0.00,
Thin Brick,,,GTV30909019,Big saw pressure plates  (2),2,2,$0.0,$0.00,
Thin Brick,,,,Orange Pressure Wheels for Big Saw.,200,100,$0.0,$0.00,
Thin Brick,,,,Adjusting rods for Saw,5,5,$0.0,$0.00,
Thin Brick,,,GV-30209016,Sleeves for Saw Blades,2,2,$0.0,$0.00,
Thin Brick,,,,Incline Scrap Belt,1,0,$0.0,$0.00,
Thin Brick,,,GV. 30403863,Proximity Switches for Big Saw.      ,6,2,$0.0,$0.00,
Thin Brick,,,GV-3020058,Galv. Nut Ring,8,6,$0.0,$0.00,
Thin Brick,,,,Proximity Switches for corner saw      ,8,4,$0.0,$0.00,
Thin Brick,,,,Bearings Corner Saw belts,6,4,$0.0,$0.00,
Thin Brick,,,,Rollers for grinder conveyor,12,12,$0.0,$0.00,
Thin Brick,,,,Heaters for oven,4,4,$0.0,$0.00,
Thin Brick,corner saw,,,Corner saw blades,3,2,$0.0,$0.00,
Thin Brick,,,,motor for scrap belts 1 ea type,1,1,$0.0,$0.00,
Thin Brick,,,,gearbox for scrap belts 1 eac type,1,1,$0.0,$0.00,
Thin Brick,,,,motor for split title conveyor,1,1,$0.0,$0.00,
Thin Brick,,,,gear unit for split title conveyor,1,1,$0.0,$0.00,
Thin Brick,,,,motor for split tile,1,1,$0.0,$0.00,
Thin Brick,,,,gb for split tile,1,1,$0.0,$0.00,
Thin Brick,,,,bearings for corner saw arbours,4,4,$0.0,$0.00,
Thin Brick,,,,arbour assy,2,2,$0.0,$0.00,
